firm_id,year,AI_Governance,AI_Capability,Sustainable_Sourcing,Digital_Visibility,Supplier_Collaboration,Supplier_Diversification,SC_Resilience,is_synthetic,tier,source_donor,seed
ASML Holding N.V.,2015,3.059,5.107,3.274,2.772,4.663,2.785,6.024,0,REAL,REAL,
ASML Holding N.V.,2016,3.427,5.53,3.532,2.686,4.9,2.947,5.906,0,REAL,REAL,
ASML Holding N.V.,2017,3.481,6.257,3.935,2.816,5.301,2.791,6.144,0,REAL,REAL,
ASML Holding N.V.,2018,3.679,6.53,4.043,3.151,5.343,3.343,6.224,0,REAL,REAL,
ASML Holding N.V.,2019,4.01,6.79,4.491,3.731,5.826,3.68,6.656,0,REAL,REAL,
ASML Holding N.V.,2020,4.954,7.346,4.617,4.408,6.645,4.592,6.09,0,REAL,REAL,
ASML Holding N.V.,2021,5.661,7.969,4.957,5.346,6.642,5.578,6.894,0,REAL,REAL,
ASML Holding N.V.,2022,6.415,8.456,5.113,6.056,6.315,5.759,7.386,0,REAL,REAL,
ASML Holding N.V.,2023,6.59,9.054,5.519,6.515,6.928,6.084,7.399,0,REAL,REAL,
ASML Holding N.V.,2024,6.841,9.451,5.759,6.357,7.114,6.023,7.159,0,REAL,REAL,
Advanced Micro Devices,2015,2.981,5.88,3.447,3.045,3.366,3.003,5.886,0,REAL,REAL,
Advanced Micro Devices,2016,2.996,5.993,3.766,2.91,3.533,3.14,6.136,0,REAL,REAL,
Advanced Micro Devices,2017,3.322,6.615,4.364,3.025,3.926,3.106,5.854,0,REAL,REAL,
Advanced Micro Devices,2018,3.747,6.709,4.204,3.346,3.744,3.07,6.092,0,REAL,REAL,
Advanced Micro Devices,2019,3.896,7.363,4.67,4.355,4.471,3.41,6.554,0,REAL,REAL,
Advanced Micro Devices,2020,4.71,7.91,4.709,5.311,5.272,4.526,6.213,0,REAL,REAL,
Advanced Micro Devices,2021,5.393,8.575,5.179,6.102,5.123,5.768,7.253,0,REAL,REAL,
Advanced Micro Devices,2022,6.186,8.822,5.418,6.516,4.969,6.315,6.838,0,REAL,REAL,
Advanced Micro Devices,2023,6.476,9.438,5.881,6.47,5.165,6.631,6.883,0,REAL,REAL,
Advanced Micro Devices,2024,6.629,9.724,6.296,6.736,5.839,6.469,7.05,0,REAL,REAL,
Analog Devices,2015,3.613,4.513,3.811,3.598,3.646,3.653,5.981,0,REAL,REAL,
Analog Devices,2016,3.227,4.677,4.296,3.225,3.638,3.143,6.001,0,REAL,REAL,
Analog Devices,2017,3.476,5.075,4.651,3.61,4.326,3.248,6.63,0,REAL,REAL,
Analog Devices,2018,3.551,5.326,4.772,3.897,4.039,3.486,6.187,0,REAL,REAL,
Analog Devices,2019,4.118,5.891,5.058,4.445,4.538,3.624,6.439,0,REAL,REAL,
Analog Devices,2020,5.019,6.381,5.144,5.69,5.303,4.808,6.159,0,REAL,REAL,
Analog Devices,2021,5.763,6.429,5.498,6.319,5.944,6.324,6.507,0,REAL,REAL,
Analog Devices,2022,6.254,7.14,5.853,6.928,5.508,6.875,7.077,0,REAL,REAL,
Analog Devices,2023,6.629,7.456,6.118,6.796,5.455,7.04,7.14,0,REAL,REAL,
Analog Devices,2024,7.137,8.01,6.534,7.25,6.411,7.014,7.408,0,REAL,REAL,
Applied Materials,2015,3.341,4.75,3.693,3.554,3.535,3.321,5.68,0,REAL,REAL,
Applied Materials,2016,3.302,5.136,4.476,3.68,3.914,3.759,6.264,0,REAL,REAL,
Applied Materials,2017,3.504,5.606,4.74,3.7,4.026,3.523,6.175,0,REAL,REAL,
Applied Materials,2018,3.575,5.942,4.94,4.111,4.238,3.716,6.358,0,REAL,REAL,
Applied Materials,2019,4.046,6.577,5.001,4.205,4.722,3.9,6.381,0,REAL,REAL,
Applied Materials,2020,4.906,7.135,5.343,5.124,5.395,5.321,6.463,0,REAL,REAL,
Applied Materials,2021,5.793,7.435,5.682,6.377,5.498,6.498,6.306,0,REAL,REAL,
Applied Materials,2022,6.304,8.245,5.842,6.624,5.271,6.838,7.267,0,REAL,REAL,
Applied Materials,2023,6.842,8.465,6.341,6.917,5.772,6.734,6.991,0,REAL,REAL,
Applied Materials,2024,6.896,9.186,6.405,7.206,6.199,6.844,7.565,0,REAL,REAL,
Broadcom Inc.,2015,4.74,4.185,5.131,4.813,4.602,4.537,6.393,0,REAL,REAL,
Broadcom Inc.,2016,4.763,4.759,5.396,4.565,5.252,4.645,6.478,0,REAL,REAL,
Broadcom Inc.,2017,4.999,5.253,5.68,4.721,5.433,4.646,6.557,0,REAL,REAL,
Broadcom Inc.,2018,5.206,5.535,5.962,5.357,5.903,4.803,6.986,0,REAL,REAL,
Broadcom Inc.,2019,5.926,5.968,5.902,5.375,5.759,5.219,6.518,0,REAL,REAL,
Broadcom Inc.,2020,6.583,6.83,6.545,6.201,6.93,5.827,6.166,0,REAL,REAL,
Broadcom Inc.,2021,7.411,7.108,6.563,7.181,7.123,7.104,6.716,0,REAL,REAL,
Broadcom Inc.,2022,7.996,7.882,7.101,7.66,6.77,7.619,7.375,0,REAL,REAL,
Broadcom Inc.,2023,8.294,7.744,7.374,7.925,7.178,8.01,7.047,0,REAL,REAL,
Broadcom Inc.,2024,8.444,8.315,7.611,8.042,7.306,8.082,7.622,0,REAL,REAL,
Infineon Technologies,2015,3.596,5.161,4.142,3.823,3.796,3.895,5.977,0,REAL,REAL,
Infineon Technologies,2016,3.452,5.509,4.034,3.894,4.099,3.61,5.906,0,REAL,REAL,
Infineon Technologies,2017,3.789,5.961,4.957,3.805,4.284,3.747,6.038,0,REAL,REAL,
Infineon Technologies,2018,4.163,6.674,4.76,4.111,4.817,3.923,6.233,0,REAL,REAL,
Infineon Technologies,2019,4.902,6.985,5.019,4.511,4.809,4.205,6.222,0,REAL,REAL,
Infineon Technologies,2020,5.154,7.866,5.433,5.215,5.416,4.67,6.376,0,REAL,REAL,
Infineon Technologies,2021,6.247,8.063,5.552,5.904,5.784,6.344,7.012,0,REAL,REAL,
Infineon Technologies,2022,6.599,8.251,5.997,6.682,5.196,6.736,7.189,0,REAL,REAL,
Infineon Technologies,2023,6.899,9.209,6.601,7.25,5.827,6.78,7.056,0,REAL,REAL,
Infineon Technologies,2024,7.469,9.614,6.614,7.249,6.164,6.975,7.363,0,REAL,REAL,
Intel Corporation,2015,3.408,4.999,4.079,3.596,3.705,3.7,6.006,0,REAL,REAL,
Intel Corporation,2016,3.475,5.849,3.975,3.889,4.266,3.374,6.272,0,REAL,REAL,
Intel Corporation,2017,3.519,5.929,4.45,3.742,4.179,3.952,6.314,0,REAL,REAL,
Intel Corporation,2018,3.872,6.73,5.058,4.026,4.534,3.785,6.395,0,REAL,REAL,
Intel Corporation,2019,3.952,7.106,5.203,4.832,4.986,3.906,6.146,0,REAL,REAL,
Intel Corporation,2020,4.876,7.699,5.366,5.958,5.735,4.397,6.232,0,REAL,REAL,
Intel Corporation,2021,5.987,7.736,5.955,6.669,5.834,5.995,6.826,0,REAL,REAL,
Intel Corporation,2022,6.585,8.241,5.872,7.242,5.487,7.048,6.893,0,REAL,REAL,
Intel Corporation,2023,6.749,9.413,6.426,7.327,5.864,7.09,7.137,0,REAL,REAL,
Intel Corporation,2024,7.2,9.862,6.701,7.435,6.158,7.067,7.055,0,REAL,REAL,
KLA Corporation,2015,3.626,5.399,3.949,3.85,3.909,3.725,5.977,0,REAL,REAL,
KLA Corporation,2016,3.627,6.295,4.359,3.662,4.18,3.612,6.263,0,REAL,REAL,
KLA Corporation,2017,3.793,6.388,4.883,3.962,4.455,3.931,6.704,0,REAL,REAL,
KLA Corporation,2018,4.231,7.451,4.742,3.991,4.59,3.885,6.206,0,REAL,REAL,
KLA Corporation,2019,4.564,7.641,5.335,4.697,4.859,4.023,6.547,0,REAL,REAL,
KLA Corporation,2020,5.142,8.071,5.449,5.923,5.575,5.53,6.173,0,REAL,REAL,
KLA Corporation,2021,6.214,8.952,5.756,6.754,5.897,6.287,7.035,0,REAL,REAL,
KLA Corporation,2022,7.148,9.486,6.346,7.058,5.745,7.152,7.077,0,REAL,REAL,
KLA Corporation,2023,7.004,10.477,6.568,7.302,6.112,7.229,7.426,0,REAL,REAL,
KLA Corporation,2024,7.341,10.426,6.642,7.433,6.273,7.228,7.543,0,REAL,REAL,
Lam Research,2015,3.738,4.456,4.273,3.888,4.035,3.979,6.064,0,REAL,REAL,
Lam Research,2016,3.94,5.162,4.494,3.58,4.283,3.85,6.116,0,REAL,REAL,
Lam Research,2017,4.059,5.174,4.632,4.079,4.479,3.934,6.479,0,REAL,REAL,
Lam Research,2018,4.389,5.808,5.224,4.086,4.766,3.825,6.411,0,REAL,REAL,
Lam Research,2019,4.888,6.125,5.405,4.642,5.206,4.051,6.823,0,REAL,REAL,
Lam Research,2020,5.631,6.496,5.878,5.653,5.94,4.904,5.753,0,REAL,REAL,
Lam Research,2021,6.368,7.172,5.962,6.719,5.974,6.623,7.083,0,REAL,REAL,
Lam Research,2022,7.161,7.344,6.172,7.369,6.055,6.945,6.93,0,REAL,REAL,
Lam Research,2023,7.047,7.795,6.326,7.281,5.934,7.062,6.916,0,REAL,REAL,
Lam Research,2024,7.262,8.346,7.049,7.372,6.499,7.176,7.278,0,REAL,REAL,
Marvell Technology,2015,4.005,6.692,4.11,4.275,4.41,3.953,5.92,0,REAL,REAL,
Marvell Technology,2016,4.099,7.56,4.471,4.144,4.558,3.798,6.382,0,REAL,REAL,
Marvell Technology,2017,4.07,7.837,5.069,4.163,4.793,3.964,6.289,0,REAL,REAL,
Marvell Technology,2018,4.341,8.274,5.175,4.124,5.417,4.226,6.57,0,REAL,REAL,
Marvell Technology,2019,4.859,8.638,5.477,4.788,5.55,4.57,6.459,0,REAL,REAL,
Marvell Technology,2020,5.748,9.142,5.516,5.653,6.213,5.559,6.572,0,REAL,REAL,
Marvell Technology,2021,6.563,9.951,6.009,7.236,6.864,6.503,7.357,0,REAL,REAL,
Marvell Technology,2022,7.173,10.738,6.403,8.018,6.339,7.072,7.196,0,REAL,REAL,
Marvell Technology,2023,7.647,11.393,6.712,8.025,6.678,7.425,7.693,0,REAL,REAL,
Marvell Technology,2024,7.902,11.962,6.853,8.022,6.966,7.15,7.601,0,REAL,REAL,
Microchip Technology,2015,4.189,4.027,4.344,4.502,4.477,3.951,6.112,0,REAL,REAL,
Microchip Technology,2016,4.027,4.567,4.725,4.677,4.669,3.992,5.813,0,REAL,REAL,
Microchip Technology,2017,4.465,5.057,4.903,4.511,5.073,4.043,6.38,0,REAL,REAL,
Microchip Technology,2018,4.723,5.115,5.367,4.619,5.269,4.117,6.658,0,REAL,REAL,
Microchip Technology,2019,5.547,5.117,5.411,5.479,5.75,4.832,6.433,0,REAL,REAL,
Microchip Technology,2020,6.011,6.155,5.567,6.061,6.348,5.87,6.029,0,REAL,REAL,
Microchip Technology,2021,6.627,6.29,6.109,7.178,6.357,6.966,6.004,0,REAL,REAL,
Microchip Technology,2022,7.371,6.508,6.639,7.597,6.086,7.093,6.805,0,REAL,REAL,
Microchip Technology,2023,7.556,6.968,6.614,8.02,6.394,7.519,6.766,0,REAL,REAL,
Microchip Technology,2024,7.7,7.546,6.991,8.114,6.934,7.397,7.337,0,REAL,REAL,
Micron Technology,2015,4.248,4.815,4.429,4.487,4.503,4.217,6.084,0,REAL,REAL,
Micron Technology,2016,4.106,5.309,4.683,4.196,4.802,3.903,6.182,0,REAL,REAL,
Micron Technology,2017,4.475,5.233,4.911,4.219,4.982,3.66,6.201,0,REAL,REAL,
Micron Technology,2018,4.439,5.945,5.384,4.826,5.171,4.1,6.642,0,REAL,REAL,
Micron Technology,2019,5.309,6.005,5.781,5.509,5.55,4.456,6.348,0,REAL,REAL,
Micron Technology,2020,6.229,6.286,5.807,6.28,6.199,5.38,6.082,0,REAL,REAL,
Micron Technology,2021,7.282,7.295,6.047,7.411,6.826,6.76,6.967,0,REAL,REAL,
Micron Technology,2022,7.524,7.525,6.527,7.907,6.517,7.293,7.096,0,REAL,REAL,
Micron Technology,2023,7.911,8.049,6.908,8.087,6.961,7.251,7.252,0,REAL,REAL,
Micron Technology,2024,8.113,8.712,6.902,8.058,6.868,7.454,7.201,0,REAL,REAL,
Monolithic Power Systems,2015,3.129,5.69,3.623,3.471,3.221,3.316,5.905,0,REAL,REAL,
Monolithic Power Systems,2016,3.096,6.265,4.008,3.041,3.19,3.036,6.195,0,REAL,REAL,
Monolithic Power Systems,2017,3.257,6.822,4.132,3.562,3.311,3.157,5.77,0,REAL,REAL,
Monolithic Power Systems,2018,3.494,7.37,4.746,3.604,3.923,3.584,6.3,0,REAL,REAL,
Monolithic Power Systems,2019,3.994,7.821,4.881,4.177,4.25,4.237,6.368,0,REAL,REAL,
Monolithic Power Systems,2020,4.808,8.223,5.146,5.481,4.712,4.637,6.283,0,REAL,REAL,
Monolithic Power Systems,2021,5.791,8.894,5.442,6.211,5.177,5.092,7.294,0,REAL,REAL,
Monolithic Power Systems,2022,6.546,8.843,5.595,6.514,4.634,6.266,6.871,0,REAL,REAL,
Monolithic Power Systems,2023,6.579,9.807,5.931,6.915,5.107,6.206,7.411,0,REAL,REAL,
Monolithic Power Systems,2024,6.91,10.202,5.994,6.835,5.587,6.662,7.459,0,REAL,REAL,
NVIDIA Corporation,2015,3.739,5.565,4.413,4.178,4.073,4.127,6.101,0,REAL,REAL,
NVIDIA Corporation,2016,4.076,6.103,4.711,3.889,4.271,4.06,6.218,0,REAL,REAL,
NVIDIA Corporation,2017,4.29,6.503,5.149,4.051,4.561,3.779,6.354,0,REAL,REAL,
NVIDIA Corporation,2018,4.779,7.013,5.477,3.994,5.129,4.109,6.298,0,REAL,REAL,
NVIDIA Corporation,2019,5.482,7.203,5.708,5.012,4.989,4.603,6.727,0,REAL,REAL,
NVIDIA Corporation,2020,6.036,7.937,6.036,6.244,5.871,4.935,6.272,0,REAL,REAL,
NVIDIA Corporation,2021,7.04,8.38,6.224,7.125,6.281,6.123,7.015,0,REAL,REAL,
NVIDIA Corporation,2022,7.169,8.676,6.728,7.209,5.927,6.768,6.67,0,REAL,REAL,
NVIDIA Corporation,2023,7.275,9.498,6.82,7.611,6.391,7.359,7.092,0,REAL,REAL,
NVIDIA Corporation,2024,7.352,10.169,7.239,7.424,6.505,7.521,7.484,0,REAL,REAL,
NXP Semiconductors,2015,3.742,4.691,4.5,3.944,4.053,4.126,5.83,0,REAL,REAL,
NXP Semiconductors,2016,3.7,4.504,5.05,3.838,4.196,3.805,6.195,0,REAL,REAL,
NXP Semiconductors,2017,3.964,4.919,5.346,4.218,4.509,4.488,6.171,0,REAL,REAL,
NXP Semiconductors,2018,4.642,5.523,5.014,4.65,4.67,3.999,6.579,0,REAL,REAL,
NXP Semiconductors,2019,5.415,6.494,5.885,4.891,5.234,4.746,6.841,0,REAL,REAL,
NXP Semiconductors,2020,6.297,6.494,5.982,5.603,5.799,5.561,6.142,0,REAL,REAL,
NXP Semiconductors,2021,6.637,6.863,6.107,6.327,6.205,6.974,6.682,0,REAL,REAL,
NXP Semiconductors,2022,7.407,7.028,6.396,7.267,5.798,7.286,7.054,0,REAL,REAL,
NXP Semiconductors,2023,7.517,7.621,6.849,7.258,6.122,7.523,7.172,0,REAL,REAL,
NXP Semiconductors,2024,7.261,8.39,7.119,7.687,6.512,7.716,7.552,0,REAL,REAL,
ON Semiconductor,2015,4.414,4.315,4.603,4.241,4.759,4.194,6.61,0,REAL,REAL,
ON Semiconductor,2016,4.356,4.666,4.663,4.443,4.832,4.092,5.931,0,REAL,REAL,
ON Semiconductor,2017,4.51,5.389,5.118,4.429,5.184,4.269,6.128,0,REAL,REAL,
ON Semiconductor,2018,4.837,6.065,5.273,4.459,5.647,4.402,6.741,0,REAL,REAL,
ON Semiconductor,2019,5.567,6.051,5.746,4.818,5.963,5.035,6.384,0,REAL,REAL,
ON Semiconductor,2020,6.369,6.258,6.016,6.05,6.465,5.802,5.843,0,REAL,REAL,
ON Semiconductor,2021,7.486,6.89,6.403,6.915,6.795,6.593,7.188,0,REAL,REAL,
ON Semiconductor,2022,7.642,7.282,6.509,7.212,6.624,7.146,7.049,0,REAL,REAL,
ON Semiconductor,2023,8.008,7.672,6.945,7.868,6.586,7.548,7.189,0,REAL,REAL,
ON Semiconductor,2024,8.264,8.254,7.435,7.94,7.046,7.551,7.276,0,REAL,REAL,
Qorvo Inc.,2015,4.862,4.916,5.253,4.578,5.163,4.561,6.323,0,REAL,REAL,
Qorvo Inc.,2016,4.827,5.103,5.351,4.963,5.568,4.865,6.097,0,REAL,REAL,
Qorvo Inc.,2017,4.844,5.618,5.932,4.943,6.019,4.84,6.807,0,REAL,REAL,
Qorvo Inc.,2018,5.409,6.03,6.059,5.213,6.044,4.971,6.718,0,REAL,REAL,
Qorvo Inc.,2019,5.952,6.251,6.053,5.894,6.039,4.773,6.665,0,REAL,REAL,
Qorvo Inc.,2020,7.035,7.455,6.616,6.761,6.983,6.128,6.337,0,REAL,REAL,
Qorvo Inc.,2021,7.885,7.351,6.946,7.479,7.138,7.684,6.966,0,REAL,REAL,
Qorvo Inc.,2022,8.169,7.725,7.275,7.835,7.009,8.053,7.431,0,REAL,REAL,
Qorvo Inc.,2023,8.564,8.452,7.48,8.375,7.48,8.237,7.904,0,REAL,REAL,
Qorvo Inc.,2024,8.487,8.59,7.613,8.335,7.446,8.141,7.752,0,REAL,REAL,
Qualcomm Incorporated,2015,3.824,4.541,4.638,4.057,4.149,3.958,6.263,0,REAL,REAL,
Qualcomm Incorporated,2016,3.704,4.785,4.756,4.11,4.636,4.453,6.184,0,REAL,REAL,
Qualcomm Incorporated,2017,3.899,5.505,5.248,4.063,4.581,4.28,6.531,0,REAL,REAL,
Qualcomm Incorporated,2018,4.109,5.647,5.539,4.34,5.005,4.689,6.343,0,REAL,REAL,
Qualcomm Incorporated,2019,4.86,5.735,5.421,4.961,5.001,5.006,6.592,0,REAL,REAL,
Qualcomm Incorporated,2020,5.473,6.106,6.174,5.731,5.887,5.641,6.26,0,REAL,REAL,
Qualcomm Incorporated,2021,6.524,6.992,6.16,6.539,6.237,7.054,6.841,0,REAL,REAL,
Qualcomm Incorporated,2022,7.214,7.18,6.85,7.143,6.002,7.289,6.936,0,REAL,REAL,
Qualcomm Incorporated,2023,7.387,7.673,6.934,7.769,6.067,7.343,6.881,0,REAL,REAL,
Qualcomm Incorporated,2024,7.77,8.297,7.148,7.819,6.449,7.904,7.431,0,REAL,REAL,
STMicroelectronics,2015,4.62,5.396,5.962,5.079,4.962,5.284,6.293,0,REAL,REAL,
STMicroelectronics,2016,4.802,6.255,5.932,5.106,5.187,5.141,6.565,0,REAL,REAL,
STMicroelectronics,2017,5.101,6.435,6.161,5.367,5.182,5.112,6.488,0,REAL,REAL,
STMicroelectronics,2018,5.362,6.758,6.348,5.695,5.829,5.428,6.544,0,REAL,REAL,
STMicroelectronics,2019,5.971,7.236,6.58,6.384,5.869,5.533,6.968,0,REAL,REAL,
STMicroelectronics,2020,6.825,8.013,7.151,7.306,6.588,6.469,6.774,0,REAL,REAL,
STMicroelectronics,2021,7.348,8.486,7.601,7.902,7.032,7.69,6.761,0,REAL,REAL,
STMicroelectronics,2022,7.75,8.811,7.504,8.115,7.026,8.133,6.969,0,REAL,REAL,
STMicroelectronics,2023,8.016,9.487,7.995,8.836,7.114,8.466,7.452,0,REAL,REAL,
STMicroelectronics,2024,8.139,10.178,8.201,9.088,7.325,8.729,7.542,0,REAL,REAL,
Seagate Technology,2015,4.385,5.537,4.743,4.289,4.648,4.219,6.12,0,REAL,REAL,
Seagate Technology,2016,4.32,5.845,5.191,4.54,4.901,4.575,6.444,0,REAL,REAL,
Seagate Technology,2017,4.667,6.688,5.379,4.411,5.234,4.389,6.806,0,REAL,REAL,
Seagate Technology,2018,5.25,6.758,5.562,4.824,5.356,4.262,6.305,0,REAL,REAL,
Seagate Technology,2019,5.619,7.212,6.122,5.727,5.475,4.714,6.657,0,REAL,REAL,
Seagate Technology,2020,6.643,7.459,6.14,6.596,6.303,5.582,6.364,0,REAL,REAL,
Seagate Technology,2021,7.096,8.167,6.316,7.35,6.796,6.7,7.059,0,REAL,REAL,
Seagate Technology,2022,7.801,8.521,6.772,8.038,6.242,7.197,6.93,0,REAL,REAL,
Seagate Technology,2023,7.547,9.387,6.944,8.498,6.636,7.688,7.414,0,REAL,REAL,
Seagate Technology,2024,8.122,10.084,7.625,8.382,7.141,7.793,7.485,0,REAL,REAL,
Skyworks Solutions,2015,4.029,4.263,4.666,4.027,4.174,4.321,6.472,0,REAL,REAL,
Skyworks Solutions,2016,4.077,4.938,5.091,4.264,4.295,4.36,6.265,0,REAL,REAL,
Skyworks Solutions,2017,3.991,4.761,5.354,4.077,4.96,4.49,6.145,0,REAL,REAL,
Skyworks Solutions,2018,4.195,5.906,5.838,4.363,4.966,4.285,6.125,0,REAL,REAL,
Skyworks Solutions,2019,4.739,6.167,6.227,5.029,5.193,4.458,6.547,0,REAL,REAL,
Skyworks Solutions,2020,5.474,6.023,6.281,5.822,5.963,5.229,5.861,0,REAL,REAL,
Skyworks Solutions,2021,6.274,6.712,6.346,6.508,6.296,7.179,6.585,0,REAL,REAL,
Skyworks Solutions,2022,7.071,7.182,6.72,7.596,5.917,7.654,7.149,0,REAL,REAL,
Skyworks Solutions,2023,7.344,7.987,7.085,7.704,6.202,7.634,7.262,0,REAL,REAL,
Skyworks Solutions,2024,7.419,8.298,7.525,7.676,6.824,7.743,7.383,0,REAL,REAL,
Taiwan Semiconductor Mfg,2015,2.633,5.279,3.385,3.436,3.538,3.312,6.227,0,REAL,REAL,
Taiwan Semiconductor Mfg,2016,2.734,5.983,3.803,3.287,3.813,3.18,6.148,0,REAL,REAL,
Taiwan Semiconductor Mfg,2017,2.949,6.076,4.396,3.491,3.718,3.594,6.717,0,REAL,REAL,
Taiwan Semiconductor Mfg,2018,3.141,6.67,4.645,3.92,4.075,3.601,6.342,0,REAL,REAL,
Taiwan Semiconductor Mfg,2019,3.883,7.471,4.931,4.133,4.37,4.104,6.39,0,REAL,REAL,
Taiwan Semiconductor Mfg,2020,4.393,7.265,5.259,4.967,4.906,4.907,5.801,0,REAL,REAL,
Taiwan Semiconductor Mfg,2021,5.355,8.795,5.485,5.45,5.5,6.226,6.663,0,REAL,REAL,
Taiwan Semiconductor Mfg,2022,5.678,8.773,5.698,6.036,5.312,6.754,7.149,0,REAL,REAL,
Taiwan Semiconductor Mfg,2023,6.122,9.449,6.016,6.357,5.693,6.668,7.241,0,REAL,REAL,
Taiwan Semiconductor Mfg,2024,6.2,10.72,6.393,6.711,5.763,6.901,7.246,0,REAL,REAL,
Teradyne Inc.,2015,5.102,5.093,5.475,4.756,5.719,5.1,6.229,0,REAL,REAL,
Teradyne Inc.,2016,5.083,6.059,5.637,5.018,5.778,4.812,6.211,0,REAL,REAL,
Teradyne Inc.,2017,5.2,6.447,5.865,4.929,5.828,5.007,6.452,0,REAL,REAL,
Teradyne Inc.,2018,5.917,6.48,6.208,5.465,6.226,5.041,6.648,0,REAL,REAL,
Teradyne Inc.,2019,6.012,7.248,6.465,5.996,6.683,5.523,6.38,0,REAL,REAL,
Teradyne Inc.,2020,7.049,7.711,6.811,6.748,7.322,5.797,6.659,0,REAL,REAL,
Teradyne Inc.,2021,7.77,8.409,6.92,7.894,7.736,7.234,6.776,0,REAL,REAL,
Teradyne Inc.,2022,7.975,8.539,7.554,8.266,7.155,8.011,7.346,0,REAL,REAL,
Teradyne Inc.,2023,8.717,9.299,7.613,8.449,7.513,8.154,7.416,0,REAL,REAL,
Teradyne Inc.,2024,8.974,9.671,8.12,8.82,7.988,8.265,7.628,0,REAL,REAL,
Texas Instruments,2015,4.041,5.452,4.73,4.18,4.083,4.645,5.992,0,REAL,REAL,
Texas Instruments,2016,3.996,5.944,5.197,4.148,4.615,4.402,6.582,0,REAL,REAL,
Texas Instruments,2017,4.395,6.098,5.462,4.598,4.644,4.402,6.495,0,REAL,REAL,
Texas Instruments,2018,4.758,6.883,5.785,4.623,5.156,4.808,6.633,0,REAL,REAL,
Texas Instruments,2019,5.451,7.294,6.122,5.274,5.307,5.019,6.617,0,REAL,REAL,
Texas Instruments,2020,6.419,7.831,5.984,5.776,6.013,6.328,6.39,0,REAL,REAL,
Texas Instruments,2021,7.012,8.421,6.705,6.339,6.437,7.33,7.218,0,REAL,REAL,
Texas Instruments,2022,7.491,9.051,6.747,7.205,6.047,7.868,7.424,0,REAL,REAL,
Texas Instruments,2023,7.634,9.856,7.143,7.403,6.391,7.794,7.582,0,REAL,REAL,
Texas Instruments,2024,7.784,9.743,7.307,7.52,6.803,8.117,7.397,0,REAL,REAL,
Western Digital,2015,4.296,5.315,4.962,3.598,4.182,4.59,6.127,0,REAL,REAL,
Western Digital,2016,4.526,5.887,5.269,3.687,4.183,4.662,6.292,0,REAL,REAL,
Western Digital,2017,4.442,5.874,5.606,4.005,4.834,4.728,6.294,0,REAL,REAL,
Western Digital,2018,5.128,6.974,6.064,4.436,5.133,4.438,6.371,0,REAL,REAL,
Western Digital,2019,5.477,7.028,6.433,5.11,5.407,5.086,6.688,0,REAL,REAL,
Western Digital,2020,6.365,8.038,6.303,6.02,6.043,5.633,6.544,0,REAL,REAL,
Western Digital,2021,7.04,8.209,6.621,6.491,6.211,6.934,7.087,0,REAL,REAL,
Western Digital,2022,7.403,8.902,6.986,6.693,6.142,7.512,7.129,0,REAL,REAL,
Western Digital,2023,7.926,9.568,6.982,7.069,6.431,7.963,7.156,0,REAL,REAL,
Western Digital,2024,8.02,9.715,7.504,6.991,6.883,7.932,7.5,0,REAL,REAL,
SYN_A_01,2015,3.7335,4.7163,3.8941,3.6615,5.2771,3.8304,6.3077,1,A,ASML Holding N.V.,42.0
SYN_A_01,2016,3.567,5.5325,4.1058,3.4308,5.0543,3.4926,6.3466,1,A,ASML Holding N.V.,42.0
SYN_A_01,2017,4.2591,5.8142,4.3548,3.4761,5.7767,3.7743,6.3203,1,A,ASML Holding N.V.,42.0
SYN_A_01,2018,4.4225,6.328,4.758,3.6027,5.6053,3.5419,6.3361,1,A,ASML Holding N.V.,42.0
SYN_A_01,2019,4.7959,6.5098,4.8417,3.9262,5.8769,4.0098,6.6407,1,A,ASML Holding N.V.,42.0
SYN_A_01,2020,5.4103,6.7996,5.4086,5.3338,6.9717,4.8206,6.5969,1,A,ASML Holding N.V.,42.0
SYN_A_01,2021,6.3817,7.5711,5.3744,5.9462,6.9236,6.053,6.818,1,A,ASML Holding N.V.,42.0
SYN_A_01,2022,6.8715,7.9605,5.7684,6.6455,6.84,6.9255,7.1071,1,A,ASML Holding N.V.,42.0
SYN_A_01,2023,7.2483,9.1299,6.1638,6.8976,7.3146,7.0051,7.2029,1,A,ASML Holding N.V.,42.0
SYN_A_01,2024,7.6306,9.3169,6.1761,6.8067,7.3512,6.8181,7.2488,1,A,ASML Holding N.V.,42.0
SYN_A_02,2015,3.0048,5.3038,3.9067,3.8682,3.6209,3.7861,6.2724,1,A,Advanced Micro Devices,42.0
SYN_A_02,2016,3.1438,5.4775,4.0282,3.4518,3.9183,3.4593,6.0724,1,A,Advanced Micro Devices,42.0
SYN_A_02,2017,3.5745,6.1396,4.4656,3.7974,4.3352,3.6442,6.0122,1,A,Advanced Micro Devices,42.0
SYN_A_02,2018,3.9636,6.7295,4.7217,4.3304,4.234,3.3401,6.3879,1,A,Advanced Micro Devices,42.0
SYN_A_02,2019,4.5663,7.1116,4.9993,4.7489,4.5211,3.9936,6.3006,1,A,Advanced Micro Devices,42.0
SYN_A_02,2020,5.2675,7.877,5.4346,5.6525,5.5318,4.9427,6.2032,1,A,Advanced Micro Devices,42.0
SYN_A_02,2021,5.9938,8.3615,5.5687,6.5007,5.5604,6.0795,6.9982,1,A,Advanced Micro Devices,42.0
SYN_A_02,2022,6.3517,8.6983,6.0575,6.8985,5.3475,6.6717,7.0426,1,A,Advanced Micro Devices,42.0
SYN_A_02,2023,6.7565,8.7623,5.8811,6.9844,5.6994,6.9008,6.6724,1,A,Advanced Micro Devices,42.0
SYN_A_02,2024,7.1037,9.762,6.6752,7.4103,6.3817,7.0437,7.3353,1,A,Advanced Micro Devices,42.0
SYN_A_03,2015,3.6518,4.8898,3.688,3.6514,3.6565,3.0614,6.1373,1,A,Analog Devices,42.0
SYN_A_03,2016,3.2159,4.8171,3.9349,3.7334,3.9617,3.4064,6.2659,1,A,Analog Devices,42.0
SYN_A_03,2017,3.4966,5.338,4.3408,3.6195,4.4368,3.5732,6.3837,1,A,Analog Devices,42.0
SYN_A_03,2018,3.8329,6.0749,4.5125,3.7984,4.7994,3.3332,6.3171,1,A,Analog Devices,42.0
SYN_A_03,2019,4.5464,6.4305,4.722,4.5538,4.6625,3.8794,6.2638,1,A,Analog Devices,42.0
SYN_A_03,2020,4.9994,6.8883,5.2755,5.529,5.7413,4.7424,6.1695,1,A,Analog Devices,42.0
SYN_A_03,2021,6.0497,7.9093,5.6249,6.4242,5.8926,5.6279,6.8746,1,A,Analog Devices,42.0
SYN_A_03,2022,6.4102,7.7136,5.6442,6.8365,5.4975,6.5837,6.684,1,A,Analog Devices,42.0
SYN_A_03,2023,6.437,8.2724,5.9998,7.0405,5.9195,6.5624,7.1455,1,A,Analog Devices,42.0
SYN_A_03,2024,7.252,8.8031,6.169,7.0447,6.3696,6.7242,7.5411,1,A,Analog Devices,42.0
SYN_A_04,2015,3.3819,4.6425,4.0391,3.6504,3.743,3.6021,5.8775,1,A,Applied Materials,42.0
SYN_A_04,2016,3.2806,4.5842,4.3984,3.7698,3.8488,3.6091,6.0267,1,A,Applied Materials,42.0
SYN_A_04,2017,3.6071,5.0697,4.4343,3.7965,4.1194,3.7225,6.3893,1,A,Applied Materials,42.0
SYN_A_04,2018,3.719,5.3573,5.1319,4.0003,4.4166,3.4424,6.4532,1,A,Applied Materials,42.0
SYN_A_04,2019,4.1723,6.1928,5.0579,4.1833,4.4825,4.2541,6.3103,1,A,Applied Materials,42.0
SYN_A_04,2020,5.0983,6.4203,5.2145,4.9724,5.4794,5.2197,6.178,1,A,Applied Materials,42.0
SYN_A_04,2021,5.7447,6.9995,5.8285,6.0682,5.7452,6.4784,6.8448,1,A,Applied Materials,42.0
SYN_A_04,2022,6.4061,7.525,5.9795,6.6738,5.4852,6.9663,6.7432,1,A,Applied Materials,42.0
SYN_A_04,2023,7.1627,8.1389,6.2417,7.3597,5.5378,7.5343,7.2638,1,A,Applied Materials,42.0
SYN_A_04,2024,7.2564,8.9449,6.6679,7.3047,6.2133,7.4999,7.1309,1,A,Applied Materials,42.0
SYN_A_05,2015,5.1236,4.586,5.3447,5.4249,5.087,5.0901,6.5089,1,A,Broadcom Inc.,42.0
SYN_A_05,2016,5.4448,5.2775,5.4854,4.7916,5.5054,4.8805,6.2759,1,A,Broadcom Inc.,42.0
SYN_A_05,2017,5.288,5.6565,6.0375,5.2484,5.8432,5.1879,6.4358,1,A,Broadcom Inc.,42.0
SYN_A_05,2018,5.8076,6.0659,6.2397,5.5829,5.9081,5.2528,6.6898,1,A,Broadcom Inc.,42.0
SYN_A_05,2019,6.3135,6.2698,6.6418,5.9347,6.1706,5.5436,6.6294,1,A,Broadcom Inc.,42.0
SYN_A_05,2020,7.0246,6.8352,6.9564,6.7835,6.7255,6.2503,6.2949,1,A,Broadcom Inc.,42.0
SYN_A_05,2021,7.648,7.4092,7.2472,7.8503,7.2735,7.6592,7.4815,1,A,Broadcom Inc.,42.0
SYN_A_05,2022,8.3718,7.7631,7.3693,8.2107,6.9558,8.015,7.3156,1,A,Broadcom Inc.,42.0
SYN_A_05,2023,8.4981,8.608,7.8542,8.4622,7.3114,8.2635,7.2479,1,A,Broadcom Inc.,42.0
SYN_A_05,2024,8.4237,8.6513,7.9832,8.5902,7.5423,8.2733,7.6786,1,A,Broadcom Inc.,42.0
SYN_A_06,2015,3.1887,5.2091,4.1276,3.4969,3.4914,3.4203,5.535,1,A,Infineon Technologies,42.0
SYN_A_06,2016,3.2018,5.7992,4.1472,3.4851,3.5414,3.445,5.9598,1,A,Infineon Technologies,42.0
SYN_A_06,2017,3.8121,6.2365,4.4615,3.5647,3.9915,3.8558,6.1039,1,A,Infineon Technologies,42.0
SYN_A_06,2018,3.8299,6.3374,4.8405,3.7712,4.2081,3.6444,6.0778,1,A,Infineon Technologies,42.0
SYN_A_06,2019,4.1719,6.7383,5.2471,4.4793,4.6544,4.1081,6.1104,1,A,Infineon Technologies,42.0
SYN_A_06,2020,5.0131,7.8489,5.3055,5.347,5.0102,4.8684,6.0625,1,A,Infineon Technologies,42.0
SYN_A_06,2021,5.7751,8.3057,5.5855,6.407,5.521,5.5811,6.6456,1,A,Infineon Technologies,42.0
SYN_A_06,2022,6.3595,8.6662,5.9972,7.0044,5.287,6.8945,6.9119,1,A,Infineon Technologies,42.0
SYN_A_06,2023,6.7277,9.0517,6.1287,7.3565,5.5183,6.7946,7.128,1,A,Infineon Technologies,42.0
SYN_A_06,2024,6.9869,9.8857,6.4003,7.0515,6.0341,6.7197,7.4996,1,A,Infineon Technologies,42.0
SYN_A_07,2015,3.5586,5.0469,4.3592,3.9465,4.2322,4.0389,6.0628,1,A,Intel Corporation,42.0
SYN_A_07,2016,3.6372,5.4527,4.4869,4.0301,4.0633,3.8747,5.9426,1,A,Intel Corporation,42.0
SYN_A_07,2017,3.7562,5.9613,4.9624,3.9747,4.5779,4.2111,6.1687,1,A,Intel Corporation,42.0
SYN_A_07,2018,4.0104,6.671,5.2767,4.2113,5.0513,4.063,6.4193,1,A,Intel Corporation,42.0
SYN_A_07,2019,4.5752,6.7157,5.5396,4.8336,5.1962,4.4378,6.412,1,A,Intel Corporation,42.0
SYN_A_07,2020,5.3882,7.2791,5.8329,5.6779,6.1911,5.3037,6.0583,1,A,Intel Corporation,42.0
SYN_A_07,2021,6.2581,7.7222,5.9756,7.0689,6.2685,6.5594,6.6565,1,A,Intel Corporation,42.0
SYN_A_07,2022,6.5805,8.2175,6.3399,7.3952,5.9345,6.8781,7.0461,1,A,Intel Corporation,42.0
SYN_A_07,2023,7.1558,8.1822,6.5526,7.5089,6.2733,7.3231,6.9824,1,A,Intel Corporation,42.0
SYN_A_07,2024,7.4588,9.1749,6.8683,7.4211,6.511,7.1723,7.3135,1,A,Intel Corporation,42.0
SYN_A_08,2015,3.5885,6.4477,3.9176,4.0011,3.9043,3.6797,5.7719,1,A,KLA Corporation,42.0
SYN_A_08,2016,3.4687,7.1269,4.3439,3.361,4.2164,3.6302,6.4635,1,A,KLA Corporation,42.0
SYN_A_08,2017,3.5127,7.2565,4.4473,3.9702,4.3793,3.8408,6.3118,1,A,KLA Corporation,42.0
SYN_A_08,2018,3.6684,8.0625,5.1352,3.9471,4.7742,3.7173,6.8736,1,A,KLA Corporation,42.0
SYN_A_08,2019,4.6925,8.5731,5.0578,4.3887,5.0119,4.2244,6.5024,1,A,KLA Corporation,42.0
SYN_A_08,2020,5.3396,8.8651,5.5313,5.2592,5.7259,5.1686,6.3245,1,A,KLA Corporation,42.0
SYN_A_08,2021,6.1853,9.4042,5.8183,6.2305,6.0202,6.2887,6.8187,1,A,KLA Corporation,42.0
SYN_A_08,2022,6.7306,9.199,5.9185,7.0124,5.7109,6.8193,7.2841,1,A,KLA Corporation,42.0
SYN_A_08,2023,7.0734,10.4942,6.2142,7.1773,5.961,7.0354,7.5177,1,A,KLA Corporation,42.0
SYN_A_08,2024,7.0044,10.7796,6.4696,7.2942,6.3617,6.7463,7.2596,1,A,KLA Corporation,42.0
SYN_A_09,2015,2.979,4.7051,3.6519,3.3564,3.5313,3.7029,5.8224,1,A,Lam Research,42.0
SYN_A_09,2016,3.0936,5.5012,4.0396,3.1109,3.8981,3.0617,6.0934,1,A,Lam Research,42.0
SYN_A_09,2017,3.0364,5.6259,4.385,3.2449,4.1485,3.3904,5.9477,1,A,Lam Research,42.0
SYN_A_09,2018,3.4418,6.3848,4.8124,3.6843,4.254,3.4777,6.4604,1,A,Lam Research,42.0
SYN_A_09,2019,4.0653,7.0485,5.1012,4.0242,4.545,3.6751,6.6295,1,A,Lam Research,42.0
SYN_A_09,2020,5.2335,8.1056,5.2784,4.8064,5.3251,4.3896,6.0468,1,A,Lam Research,42.0
SYN_A_09,2021,5.7544,7.6328,5.8082,5.9928,5.5327,5.8743,6.5926,1,A,Lam Research,42.0
SYN_A_09,2022,6.3798,8.47,6.0,6.7383,5.1919,6.2779,6.9829,1,A,Lam Research,42.0
SYN_A_09,2023,6.5959,8.3142,5.7348,6.7783,5.6208,6.839,6.7308,1,A,Lam Research,42.0
SYN_A_09,2024,6.7483,9.2455,6.6489,7.2404,5.9391,6.8852,7.2949,1,A,Lam Research,42.0
SYN_A_10,2015,3.6159,6.8287,4.0743,4.0576,4.485,3.5234,6.3983,1,A,Marvell Technology,42.0
SYN_A_10,2016,3.7591,8.0176,4.2282,4.0926,4.9505,3.7933,6.6657,1,A,Marvell Technology,42.0
SYN_A_10,2017,3.9983,8.3265,4.869,3.9121,5.0979,3.5402,6.6387,1,A,Marvell Technology,42.0
SYN_A_10,2018,4.5852,8.3936,4.6728,4.1493,5.0101,3.5533,6.2642,1,A,Marvell Technology,42.0
SYN_A_10,2019,4.7482,9.0902,5.2103,4.889,5.5622,4.2521,6.717,1,A,Marvell Technology,42.0
SYN_A_10,2020,5.6734,9.326,5.3193,5.3746,6.1277,5.043,6.5894,1,A,Marvell Technology,42.0
SYN_A_10,2021,6.4672,9.3769,5.8954,6.5314,6.5432,6.2788,7.0233,1,A,Marvell Technology,42.0
SYN_A_10,2022,7.1182,10.0461,5.7173,7.0707,6.1978,7.0036,6.9486,1,A,Marvell Technology,42.0
SYN_A_10,2023,7.3583,10.5628,6.0974,7.3526,6.5604,7.4181,7.2606,1,A,Marvell Technology,42.0
SYN_A_10,2024,7.4033,11.2792,6.2871,7.4079,6.9779,7.1629,7.7663,1,A,Marvell Technology,42.0
SYN_A_11,2015,3.9162,3.4871,4.1894,3.7261,4.3637,4.0158,5.8339,1,A,Microchip Technology,42.0
SYN_A_11,2016,4.1392,3.5328,4.378,3.725,4.4663,3.9435,5.9127,1,A,Microchip Technology,42.0
SYN_A_11,2017,4.3108,4.7014,4.7698,4.0927,4.5709,4.1278,6.2396,1,A,Microchip Technology,42.0
SYN_A_11,2018,4.6914,4.591,4.7722,4.2846,4.8595,4.3505,5.8504,1,A,Microchip Technology,42.0
SYN_A_11,2019,4.5319,4.6522,5.4303,4.9841,5.2235,4.5963,6.0574,1,A,Microchip Technology,42.0
SYN_A_11,2020,5.4776,5.1332,5.4693,5.4694,6.0346,5.3033,5.5352,1,A,Microchip Technology,42.0
SYN_A_11,2021,6.4268,6.1256,5.9288,6.5068,6.4083,6.2877,6.6411,1,A,Microchip Technology,42.0
SYN_A_11,2022,7.0549,6.2659,6.3349,7.137,5.8614,6.6005,6.5553,1,A,Microchip Technology,42.0
SYN_A_11,2023,7.3617,7.1557,6.5242,7.2481,6.2257,7.0619,6.9967,1,A,Microchip Technology,42.0
SYN_A_11,2024,7.742,7.765,6.5291,7.0647,6.8328,7.5754,7.2048,1,A,Microchip Technology,42.0
SYN_A_12,2015,4.5252,4.8346,4.5018,4.6803,4.432,4.0894,6.195,1,A,Micron Technology,42.0
SYN_A_12,2016,4.4504,5.1445,4.9724,4.5544,4.8719,3.9146,5.9486,1,A,Micron Technology,42.0
SYN_A_12,2017,4.6251,5.6618,5.3841,5.0146,5.2716,4.1529,6.1828,1,A,Micron Technology,42.0
SYN_A_12,2018,4.87,6.1834,5.3404,5.4003,5.2695,4.4554,5.9841,1,A,Micron Technology,42.0
SYN_A_12,2019,5.421,6.2131,6.1091,6.0411,5.6901,4.7881,6.3983,1,A,Micron Technology,42.0
SYN_A_12,2020,6.4236,6.6163,6.1987,6.7468,6.4763,5.5253,5.9527,1,A,Micron Technology,42.0
SYN_A_12,2021,6.997,7.2021,6.323,7.5669,6.9075,6.8998,6.8425,1,A,Micron Technology,42.0
SYN_A_12,2022,7.5165,7.6187,6.8023,8.0305,6.4142,7.1096,7.4826,1,A,Micron Technology,42.0
SYN_A_12,2023,7.8581,8.5211,7.0459,8.6366,6.7383,7.5548,7.2873,1,A,Micron Technology,42.0
SYN_A_12,2024,8.1777,8.8954,7.3461,8.4248,7.0677,7.5615,7.7224,1,A,Micron Technology,42.0
SYN_A_13,2015,3.0653,6.4598,3.3047,3.1201,2.9224,3.1284,6.5323,1,A,Monolithic Power Systems,42.0
SYN_A_13,2016,2.6171,6.9925,3.9042,3.0306,3.4609,3.0476,5.8434,1,A,Monolithic Power Systems,42.0
SYN_A_13,2017,3.0227,6.6046,4.0415,3.2144,3.6571,2.7096,6.3516,1,A,Monolithic Power Systems,42.0
SYN_A_13,2018,3.3847,7.2062,4.4869,3.935,3.7279,2.9416,6.4624,1,A,Monolithic Power Systems,42.0
SYN_A_13,2019,4.0403,8.1659,4.7492,4.2515,4.2502,3.429,6.2495,1,A,Monolithic Power Systems,42.0
SYN_A_13,2020,4.5613,8.34,5.0284,5.0836,4.7859,4.2066,6.1902,1,A,Monolithic Power Systems,42.0
SYN_A_13,2021,5.8373,9.0293,5.1923,6.1803,4.9122,5.391,7.0248,1,A,Monolithic Power Systems,42.0
SYN_A_13,2022,5.9219,9.3993,5.5123,6.1557,4.8853,6.0522,6.8182,1,A,Monolithic Power Systems,42.0
SYN_A_13,2023,6.1672,9.7409,5.4965,6.4342,5.2255,6.5053,7.1308,1,A,Monolithic Power Systems,42.0
SYN_A_13,2024,6.6822,10.2125,6.0673,6.3093,5.4128,6.4282,7.4125,1,A,Monolithic Power Systems,42.0
SYN_A_14,2015,4.3404,4.734,4.6925,4.1162,4.1963,3.7621,6.1317,1,A,NVIDIA Corporation,42.0
SYN_A_14,2016,4.302,5.4072,5.0779,4.242,4.3256,3.9485,5.9701,1,A,NVIDIA Corporation,42.0
SYN_A_14,2017,4.707,5.7194,5.4516,4.1664,4.7955,3.995,6.5187,1,A,NVIDIA Corporation,42.0
SYN_A_14,2018,4.9006,6.058,5.4774,4.7267,4.6384,4.4924,5.9328,1,A,NVIDIA Corporation,42.0
SYN_A_14,2019,5.5337,6.7237,5.8986,5.1527,5.216,4.7322,6.657,1,A,NVIDIA Corporation,42.0
SYN_A_14,2020,6.3095,7.3307,6.0512,5.7017,6.0287,5.4826,6.3136,1,A,NVIDIA Corporation,42.0
SYN_A_14,2021,6.791,7.7001,6.4678,6.8392,6.1889,6.8275,6.9042,1,A,NVIDIA Corporation,42.0
SYN_A_14,2022,7.717,8.155,6.8131,7.4446,5.8343,7.0523,6.8535,1,A,NVIDIA Corporation,42.0
SYN_A_14,2023,7.8688,8.5739,6.7908,7.5679,6.11,7.3329,7.5264,1,A,NVIDIA Corporation,42.0
SYN_A_14,2024,7.9951,8.9345,7.2999,7.3536,6.5077,7.816,7.2113,1,A,NVIDIA Corporation,42.0
SYN_A_15,2015,3.4071,3.8126,3.8719,3.7074,3.4413,3.7806,6.0602,1,A,NXP Semiconductors,42.0
SYN_A_15,2016,3.6177,4.584,4.3786,3.5774,4.0177,3.688,5.9977,1,A,NXP Semiconductors,42.0
SYN_A_15,2017,3.6849,4.8207,4.7313,3.5439,4.4953,3.5921,6.2268,1,A,NXP Semiconductors,42.0
SYN_A_15,2018,4.0676,5.3298,5.0002,3.706,4.8041,3.9526,6.3316,1,A,NXP Semiconductors,42.0
SYN_A_15,2019,4.4973,6.163,5.1334,4.202,4.8608,4.1149,6.2836,1,A,NXP Semiconductors,42.0
SYN_A_15,2020,5.2543,6.2371,5.3626,5.5014,5.5333,4.7348,6.3178,1,A,NXP Semiconductors,42.0
SYN_A_15,2021,6.1762,6.5256,5.927,6.405,5.7814,6.1639,6.6532,1,A,NXP Semiconductors,42.0
SYN_A_15,2022,6.8262,7.4588,6.1017,6.8294,5.6271,7.0799,6.7206,1,A,NXP Semiconductors,42.0
SYN_A_15,2023,7.1513,7.6034,6.3482,7.0033,5.9235,7.1106,7.3021,1,A,NXP Semiconductors,42.0
SYN_A_15,2024,6.9855,8.6596,6.842,7.0677,6.2794,7.13,6.9562,1,A,NXP Semiconductors,42.0
SYN_A_16,2015,4.4028,4.3498,4.7062,4.7473,4.6552,4.1444,6.4047,1,A,ON Semiconductor,42.0
SYN_A_16,2016,4.2742,4.7286,4.8327,4.4939,4.9507,4.1663,6.2531,1,A,ON Semiconductor,42.0
SYN_A_16,2017,4.6612,5.1867,5.2845,4.7976,5.1868,4.0287,6.3506,1,A,ON Semiconductor,42.0
SYN_A_16,2018,5.1963,5.6612,5.568,4.8727,5.1841,4.0641,6.5162,1,A,ON Semiconductor,42.0
SYN_A_16,2019,5.7405,6.3702,5.62,5.38,5.7474,4.7055,6.9002,1,A,ON Semiconductor,42.0
SYN_A_16,2020,6.27,6.6238,5.9743,6.4183,6.6628,5.821,6.1404,1,A,ON Semiconductor,42.0
SYN_A_16,2021,7.25,6.941,6.5771,7.3271,6.6442,6.9227,6.9609,1,A,ON Semiconductor,42.0
SYN_A_16,2022,7.6699,7.6052,6.5668,8.2196,6.2666,7.2532,7.5307,1,A,ON Semiconductor,42.0
SYN_A_16,2023,7.9069,8.1852,7.0023,8.4405,6.5991,7.5003,7.0972,1,A,ON Semiconductor,42.0
SYN_A_16,2024,8.3002,8.4055,7.0995,8.1925,6.9054,7.5994,7.5073,1,A,ON Semiconductor,42.0
SYN_A_17,2015,4.8158,4.8584,4.6068,4.3345,5.1808,4.2374,6.36,1,A,Qorvo Inc.,42.0
SYN_A_17,2016,4.3196,4.7518,5.0016,4.3789,5.2667,4.5955,6.0958,1,A,Qorvo Inc.,42.0
SYN_A_17,2017,4.6991,5.9537,4.9687,4.1545,5.5639,4.3126,6.9811,1,A,Qorvo Inc.,42.0
SYN_A_17,2018,4.8777,6.466,5.7847,4.6339,5.8527,4.3778,6.5645,1,A,Qorvo Inc.,42.0
SYN_A_17,2019,5.5907,6.6702,5.7084,5.3756,6.1359,4.6698,6.6888,1,A,Qorvo Inc.,42.0
SYN_A_17,2020,6.6066,7.0466,6.1204,6.2141,6.9114,5.6947,6.4156,1,A,Qorvo Inc.,42.0
SYN_A_17,2021,7.2014,7.6714,6.2987,7.0311,7.1211,6.7414,7.4275,1,A,Qorvo Inc.,42.0
SYN_A_17,2022,7.7377,7.9163,6.7761,7.636,6.588,7.2043,7.4999,1,A,Qorvo Inc.,42.0
SYN_A_17,2023,7.6333,8.8585,7.118,7.9946,7.5243,7.7288,7.0068,1,A,Qorvo Inc.,42.0
SYN_A_17,2024,8.2099,9.0726,7.1623,7.7977,7.3081,7.6651,7.522,1,A,Qorvo Inc.,42.0
SYN_A_18,2015,4.134,3.6447,5.0316,4.3082,4.5197,4.9881,5.9861,1,A,Qualcomm Incorporated,42.0
SYN_A_18,2016,4.1378,4.1221,5.4092,4.1832,4.8967,4.9577,6.6087,1,A,Qualcomm Incorporated,42.0
SYN_A_18,2017,4.6196,4.916,5.7433,4.1632,5.0194,4.6468,6.4761,1,A,Qualcomm Incorporated,42.0
SYN_A_18,2018,4.7135,5.5146,6.0171,4.5962,5.363,5.0339,6.2725,1,A,Qualcomm Incorporated,42.0
SYN_A_18,2019,5.462,6.1389,6.2434,5.1713,5.4981,5.1206,6.6348,1,A,Qualcomm Incorporated,42.0
SYN_A_18,2020,5.9576,6.501,6.6543,6.3399,6.4947,6.0556,6.3284,1,A,Qualcomm Incorporated,42.0
SYN_A_18,2021,7.0722,7.1201,6.6898,6.9026,6.6191,7.3459,7.1657,1,A,Qualcomm Incorporated,42.0
SYN_A_18,2022,7.4818,7.452,7.1893,8.0288,6.2737,7.9253,7.1336,1,A,Qualcomm Incorporated,42.0
SYN_A_18,2023,7.6172,7.8898,7.3877,7.9198,6.7181,7.7346,7.2189,1,A,Qualcomm Incorporated,42.0
SYN_A_18,2024,8.2528,8.2323,7.608,8.1198,6.6989,8.233,7.6169,1,A,Qualcomm Incorporated,42.0
SYN_A_19,2015,4.9445,6.3899,5.6773,5.3563,4.7349,5.3197,6.6177,1,A,STMicroelectronics,42.0
SYN_A_19,2016,5.0758,6.6523,6.0964,5.5953,5.1993,5.2203,6.3494,1,A,STMicroelectronics,42.0
SYN_A_19,2017,5.2072,6.864,6.4212,5.4137,5.3703,5.3211,6.821,1,A,STMicroelectronics,42.0
SYN_A_19,2018,5.546,7.9826,6.349,5.5488,5.7122,5.5017,6.7973,1,A,STMicroelectronics,42.0
SYN_A_19,2019,5.9991,8.2562,6.9466,6.2956,5.8894,5.9629,6.5757,1,A,STMicroelectronics,42.0
SYN_A_19,2020,6.4452,8.7099,7.2047,7.1244,6.788,6.493,6.4263,1,A,STMicroelectronics,42.0
SYN_A_19,2021,7.375,8.9898,7.493,8.0245,6.8682,7.6678,7.0575,1,A,STMicroelectronics,42.0
SYN_A_19,2022,7.8753,9.4738,8.073,8.5569,6.7909,8.0568,7.6865,1,A,STMicroelectronics,42.0
SYN_A_19,2023,8.2244,9.6706,7.798,8.6821,7.0074,8.6819,7.606,1,A,STMicroelectronics,42.0
SYN_A_19,2024,8.2335,10.3833,8.3559,8.9844,7.2071,8.7754,7.9835,1,A,STMicroelectronics,42.0
SYN_A_20,2015,4.5824,5.3979,4.6871,4.7822,4.914,4.1811,6.2684,1,A,Seagate Technology,42.0
SYN_A_20,2016,4.827,5.6087,5.1487,4.7045,5.1485,4.048,6.0504,1,A,Seagate Technology,42.0
SYN_A_20,2017,4.8872,6.0337,5.3591,4.571,5.4097,4.0147,6.2667,1,A,Seagate Technology,42.0
SYN_A_20,2018,5.6432,6.4526,5.5858,5.2146,5.5747,4.3484,6.6139,1,A,Seagate Technology,42.0
SYN_A_20,2019,5.9044,7.0325,5.7331,5.7925,5.8119,4.6755,6.8711,1,A,Seagate Technology,42.0
SYN_A_20,2020,6.2333,7.3621,6.2943,6.3375,6.8168,5.8624,6.112,1,A,Seagate Technology,42.0
SYN_A_20,2021,7.0624,7.7067,6.3767,7.0382,6.9263,6.7439,6.771,1,A,Seagate Technology,42.0
SYN_A_20,2022,7.9029,8.3765,6.8917,7.9346,6.643,7.4059,7.243,1,A,Seagate Technology,42.0
SYN_A_20,2023,7.788,9.0425,7.3333,8.2675,6.9591,7.5784,7.3086,1,A,Seagate Technology,42.0
SYN_A_20,2024,8.3178,8.906,7.2388,8.4948,7.1927,7.7212,7.0494,1,A,Seagate Technology,42.0
SYN_A_21,2015,3.5667,3.9193,4.6229,3.9961,3.9568,4.1541,6.13,1,A,Skyworks Solutions,42.0
SYN_A_21,2016,3.6115,4.5925,4.7526,3.8877,4.2101,3.8529,6.1215,1,A,Skyworks Solutions,42.0
SYN_A_21,2017,3.7793,5.5207,5.1262,3.9131,4.6718,3.8702,6.3889,1,A,Skyworks Solutions,42.0
SYN_A_21,2018,3.8489,6.2048,5.3167,4.4315,4.6929,4.0354,6.2714,1,A,Skyworks Solutions,42.0
SYN_A_21,2019,4.5304,6.0517,5.7828,4.8042,4.9694,4.3289,6.4294,1,A,Skyworks Solutions,42.0
SYN_A_21,2020,5.5133,6.7002,5.7312,5.6501,5.7397,5.6539,6.4256,1,A,Skyworks Solutions,42.0
SYN_A_21,2021,6.0954,7.2923,6.0578,6.1892,6.0081,6.6795,6.523,1,A,Skyworks Solutions,42.0
SYN_A_21,2022,6.9374,7.6133,6.2501,7.0011,5.6739,7.0277,6.9733,1,A,Skyworks Solutions,42.0
SYN_A_21,2023,7.1455,8.2376,6.7585,7.2841,6.0317,7.2055,6.9499,1,A,Skyworks Solutions,42.0
SYN_A_21,2024,7.2226,8.3741,7.0629,7.7143,6.4213,7.2882,7.5131,1,A,Skyworks Solutions,42.0
SYN_A_22,2015,3.0257,5.3564,3.7085,3.093,3.5013,3.8187,5.8689,1,A,Taiwan Semiconductor Mfg,42.0
SYN_A_22,2016,2.759,5.8339,3.9419,2.9402,3.7034,3.3023,6.239,1,A,Taiwan Semiconductor Mfg,42.0
SYN_A_22,2017,3.118,6.2527,4.5012,3.3509,3.7422,3.2171,6.2042,1,A,Taiwan Semiconductor Mfg,42.0
SYN_A_22,2018,3.4133,6.5812,4.4083,3.5284,3.9006,3.5525,6.3549,1,A,Taiwan Semiconductor Mfg,42.0
SYN_A_22,2019,3.5581,6.9178,5.0012,4.2115,4.4715,4.1644,6.6763,1,A,Taiwan Semiconductor Mfg,42.0
SYN_A_22,2020,4.739,7.3833,5.0552,5.2519,5.0414,4.9361,6.3457,1,A,Taiwan Semiconductor Mfg,42.0
SYN_A_22,2021,5.1139,7.6052,5.4706,6.0475,5.3788,5.9347,6.8646,1,A,Taiwan Semiconductor Mfg,42.0
SYN_A_22,2022,6.1022,8.8461,5.9301,6.8762,5.2521,6.4378,7.0077,1,A,Taiwan Semiconductor Mfg,42.0
SYN_A_22,2023,6.1595,9.2768,6.0049,6.6746,5.5675,6.7921,6.6634,1,A,Taiwan Semiconductor Mfg,42.0
SYN_A_22,2024,6.2445,9.8216,6.2944,6.7749,5.7797,7.2001,7.5676,1,A,Taiwan Semiconductor Mfg,42.0
SYN_A_23,2015,4.9519,5.3516,5.5631,4.8936,5.6146,4.8468,6.0282,1,A,Teradyne Inc.,42.0
SYN_A_23,2016,4.917,5.7291,5.6711,4.84,5.8513,4.9917,6.5839,1,A,Teradyne Inc.,42.0
SYN_A_23,2017,5.3685,6.3253,6.0949,5.0948,5.6368,4.7547,6.9592,1,A,Teradyne Inc.,42.0
SYN_A_23,2018,5.6262,6.6988,6.5334,5.681,6.2333,4.9941,6.6741,1,A,Teradyne Inc.,42.0
SYN_A_23,2019,6.2593,6.9605,6.606,6.3217,6.4604,5.586,6.5216,1,A,Teradyne Inc.,42.0
SYN_A_23,2020,7.2064,7.5148,6.7198,6.8507,7.2939,6.329,6.2121,1,A,Teradyne Inc.,42.0
SYN_A_23,2021,7.7371,8.4571,6.9467,7.7359,7.4832,7.4028,7.1767,1,A,Teradyne Inc.,42.0
SYN_A_23,2022,8.2479,8.1998,7.4108,7.9974,7.0726,8.0635,6.9162,1,A,Teradyne Inc.,42.0
SYN_A_23,2023,8.7736,9.0736,7.8912,8.3871,7.3598,8.4508,7.4552,1,A,Teradyne Inc.,42.0
SYN_A_23,2024,9.1294,9.17,7.9443,8.3234,7.9885,8.2309,7.5785,1,A,Teradyne Inc.,42.0
SYN_A_24,2015,4.3068,5.7125,5.0858,4.2189,4.3929,4.8045,6.5272,1,A,Texas Instruments,42.0
SYN_A_24,2016,4.4776,6.0301,5.3174,4.2634,4.4374,4.815,6.4184,1,A,Texas Instruments,42.0
SYN_A_24,2017,4.4709,6.3002,5.9247,4.3823,4.8562,4.814,6.5905,1,A,Texas Instruments,42.0
SYN_A_24,2018,4.8311,6.8717,5.9556,4.8222,5.1941,4.8763,6.7426,1,A,Texas Instruments,42.0
SYN_A_24,2019,5.5429,6.9768,6.3471,5.5858,5.1199,5.2506,7.0125,1,A,Texas Instruments,42.0
SYN_A_24,2020,6.5901,7.9764,6.6416,6.0457,6.0118,6.4456,6.6204,1,A,Texas Instruments,42.0
SYN_A_24,2021,6.8927,8.6098,6.6844,6.5818,6.5263,7.4132,6.9205,1,A,Texas Instruments,42.0
SYN_A_24,2022,7.5995,8.8219,6.9672,7.3439,5.9661,7.907,7.4767,1,A,Texas Instruments,42.0
SYN_A_24,2023,7.721,9.8916,7.5117,7.673,6.4071,8.027,7.5202,1,A,Texas Instruments,42.0
SYN_A_24,2024,8.0052,9.8916,7.5435,7.9453,6.6053,8.1786,7.3905,1,A,Texas Instruments,42.0
SYN_A_25,2015,3.7076,5.1382,4.5882,3.4123,3.9714,4.6495,5.9205,1,A,Western Digital,42.0
SYN_A_25,2016,3.8213,5.3662,5.0669,3.5426,4.069,4.1803,6.5475,1,A,Western Digital,42.0
SYN_A_25,2017,4.1525,6.1002,5.2935,3.4053,4.5506,4.3927,6.7397,1,A,Western Digital,42.0
SYN_A_25,2018,4.9289,6.8014,5.4095,3.8327,4.6348,4.469,6.2577,1,A,Western Digital,42.0
SYN_A_25,2019,5.3145,6.9015,5.8897,4.3807,4.8506,4.7289,6.6021,1,A,Western Digital,42.0
SYN_A_25,2020,5.9937,7.5995,6.2714,5.5046,5.7399,5.7142,6.1265,1,A,Western Digital,42.0
SYN_A_25,2021,6.6643,7.9099,6.4026,6.1502,6.0331,6.9352,6.9126,1,A,Western Digital,42.0
SYN_A_25,2022,7.3576,8.6438,6.8047,6.5024,5.8225,7.1265,6.8525,1,A,Western Digital,42.0
SYN_A_25,2023,7.7802,8.8982,6.8628,6.8557,5.9715,7.639,7.1478,1,A,Western Digital,42.0
SYN_A_25,2024,7.4257,8.8184,7.3176,7.0648,6.5617,8.0214,7.5103,1,A,Western Digital,42.0
SYN_B_0.8_01,2015,3.6017,4.6998,3.5029,3.712,5.8867,4.4452,6.49,1,B_0.8,ASML Holding N.V.,42.0
SYN_B_0.8_01,2016,3.5188,5.6618,3.9595,3.3893,5.5798,3.8751,6.5105,1,B_0.8,ASML Holding N.V.,42.0
SYN_B_0.8_01,2017,4.6703,5.959,4.1226,2.8435,6.3774,4.1312,6.4391,1,B_0.8,ASML Holding N.V.,42.0
SYN_B_0.8_01,2018,5.0942,6.538,4.7699,3.0414,6.004,3.4209,6.4279,1,B_0.8,ASML Holding N.V.,42.0
SYN_B_0.8_01,2019,5.4105,6.6476,4.7273,3.2676,6.3188,3.9934,6.7818,1,B_0.8,ASML Holding N.V.,42.0
SYN_B_0.8_01,2020,5.0327,6.8336,5.196,5.4065,7.6559,4.7123,6.6975,1,B_0.8,ASML Holding N.V.,42.0
SYN_B_0.8_01,2021,6.4539,7.5265,4.8114,5.4735,7.3745,6.3226,6.8383,1,B_0.8,ASML Holding N.V.,42.0
SYN_B_0.8_01,2022,6.7306,7.8266,5.2034,6.2012,7.13,7.3548,7.1229,1,B_0.8,ASML Holding N.V.,42.0
SYN_B_0.8_01,2023,7.1097,9.1129,5.7006,6.3091,7.6515,7.1744,7.1831,1,B_0.8,ASML Holding N.V.,42.0
SYN_B_0.8_01,2024,8.1834,9.3129,5.6813,5.9469,7.5568,6.6412,7.2228,1,B_0.8,ASML Holding N.V.,42.0
SYN_B_0.8_02,2015,2.4551,5.357,3.8329,4.623,3.7393,4.3579,6.3924,1,B_0.8,Advanced Micro Devices,42.0
SYN_B_0.8_02,2016,3.0617,5.6328,4.0429,3.7437,4.0701,3.8833,6.1404,1,B_0.8,Advanced Micro Devices,42.0
SYN_B_0.8_02,2017,3.5221,6.3538,4.5754,4.0055,4.4775,3.8572,6.0156,1,B_0.8,Advanced Micro Devices,42.0
SYN_B_0.8_02,2018,4.26,6.9156,4.917,5.0023,4.1529,2.6812,6.4666,1,B_0.8,Advanced Micro Devices,42.0
SYN_B_0.8_02,2019,4.9832,7.2854,5.1218,5.1348,4.3714,3.4776,6.2856,1,B_0.8,Advanced Micro Devices,42.0
SYN_B_0.8_02,2020,5.1125,8.0478,5.4157,6.0328,5.5977,4.6666,6.0875,1,B_0.8,Advanced Micro Devices,42.0
SYN_B_0.8_02,2021,5.7041,8.3441,5.2994,6.8549,5.5254,6.0224,7.0015,1,B_0.8,Advanced Micro Devices,42.0
SYN_B_0.8_02,2022,6.0426,8.6636,5.9347,7.1326,5.0907,6.7052,6.9844,1,B_0.8,Advanced Micro Devices,42.0
SYN_B_0.8_02,2023,6.793,8.7457,5.5297,6.9304,5.4648,7.0403,6.4911,1,B_0.8,Advanced Micro Devices,42.0
SYN_B_0.8_02,2024,6.7222,9.7724,6.5935,7.4104,6.301,6.8233,7.2919,1,B_0.8,Advanced Micro Devices,42.0
SYN_B_0.8_03,2015,4.6323,4.9054,3.4671,4.1514,3.5076,2.7503,6.2448,1,B_0.8,Analog Devices,42.0
SYN_B_0.8_03,2016,3.105,4.8294,3.8443,4.4168,4.1175,3.6203,6.428,1,B_0.8,Analog Devices,42.0
SYN_B_0.8_03,2017,3.4414,5.421,4.3769,3.8181,4.6921,3.8478,6.5424,1,B_0.8,Analog Devices,42.0
SYN_B_0.8_03,2018,4.0608,6.2464,4.579,4.0039,5.0456,3.1344,6.4314,1,B_0.8,Analog Devices,42.0
SYN_B_0.8_03,2019,5.131,6.535,4.6897,4.869,4.6019,3.4393,6.2849,1,B_0.8,Analog Devices,42.0
SYN_B_0.8_03,2020,4.5921,6.9656,5.1996,6.1341,5.9893,4.5517,6.1253,1,B_0.8,Analog Devices,42.0
SYN_B_0.8_03,2021,5.9752,7.8762,5.3891,6.8918,5.924,5.203,6.897,1,B_0.8,Analog Devices,42.0
SYN_B_0.8_03,2022,6.3645,7.5886,5.2633,7.113,5.2911,6.6863,6.5843,1,B_0.8,Analog Devices,42.0
SYN_B_0.8_03,2023,5.9673,8.162,5.7559,7.4748,5.8844,6.4745,7.1648,1,B_0.8,Analog Devices,42.0
SYN_B_0.8_03,2024,7.6073,8.677,5.8158,6.8422,6.2799,6.3559,7.6124,1,B_0.8,Analog Devices,42.0
SYN_B_0.8_04,2015,3.6038,4.6786,3.992,4.0271,3.7208,3.9662,5.9076,1,B_0.8,Applied Materials,42.0
SYN_B_0.8_04,2016,3.1323,4.6061,4.5432,4.3211,3.8793,3.9209,6.1083,1,B_0.8,Applied Materials,42.0
SYN_B_0.8_04,2017,3.6806,5.0895,4.502,4.086,4.1938,3.9447,6.5382,1,B_0.8,Applied Materials,42.0
SYN_B_0.8_04,2018,3.6658,5.4263,5.5586,4.4871,4.4788,3.1599,6.6213,1,B_0.8,Applied Materials,42.0
SYN_B_0.8_04,2019,4.2477,6.3199,5.2777,4.1232,4.4894,4.4735,6.3379,1,B_0.8,Applied Materials,42.0
SYN_B_0.8_04,2020,5.0934,6.466,5.095,4.7047,5.6475,5.6909,6.11,1,B_0.8,Applied Materials,42.0
SYN_B_0.8_04,2021,5.0649,6.8896,5.6876,5.9786,5.8873,7.193,6.8598,1,B_0.8,Applied Materials,42.0
SYN_B_0.8_04,2022,6.1948,7.3901,5.7525,6.5711,5.286,7.4707,6.642,1,B_0.8,Applied Materials,42.0
SYN_B_0.8_04,2023,7.2303,7.9047,5.9128,7.2524,5.1486,7.7722,7.2221,1,B_0.8,Applied Materials,42.0
SYN_B_0.8_04,2024,7.0764,8.8646,6.5176,6.9407,6.034,7.7225,7.0295,1,B_0.8,Applied Materials,42.0
SYN_B_0.8_05,2015,5.1516,4.3125,5.2652,5.9274,5.0521,5.1263,6.6206,1,B_0.8,Broadcom Inc.,42.0
SYN_B_0.8_05,2016,6.206,5.1878,5.4772,4.3523,5.5089,4.9012,6.2863,1,B_0.8,Broadcom Inc.,42.0
SYN_B_0.8_05,2017,5.0678,5.5816,6.2642,5.1956,6.0229,5.3187,6.4789,1,B_0.8,Broadcom Inc.,42.0
SYN_B_0.8_05,2018,6.0174,5.9587,6.4542,5.5159,5.9304,4.9582,6.7604,1,B_0.8,Broadcom Inc.,42.0
SYN_B_0.8_05,2019,6.7104,6.1514,6.9128,5.7466,6.1011,5.0927,6.643,1,B_0.8,Broadcom Inc.,42.0
SYN_B_0.8_05,2020,7.2997,6.7171,7.0986,6.6659,6.6358,5.8003,6.1447,1,B_0.8,Broadcom Inc.,42.0
SYN_B_0.8_05,2021,7.0346,7.0562,7.1334,7.8795,7.3861,7.6548,7.5707,1,B_0.8,Broadcom Inc.,42.0
SYN_B_0.8_05,2022,8.5827,7.3937,7.1799,7.9851,6.6711,7.761,7.2763,1,B_0.8,Broadcom Inc.,42.0
SYN_B_0.8_05,2023,8.3178,8.3465,7.8502,8.1823,7.1013,8.0428,7.1405,1,B_0.8,Broadcom Inc.,42.0
SYN_B_0.8_05,2024,7.8629,8.3404,8.0188,8.5054,7.4802,8.0015,7.7045,1,B_0.8,Broadcom Inc.,42.0
SYN_B_0.8_06,2015,3.4193,5.3921,4.2439,3.824,3.3757,3.7529,5.4457,1,B_0.8,Infineon Technologies,42.0
SYN_B_0.8_06,2016,3.3503,6.0033,4.269,3.7465,3.4818,3.7368,5.9617,1,B_0.8,Infineon Technologies,42.0
SYN_B_0.8_06,2017,4.3054,6.4494,4.5607,3.2622,3.9347,4.1964,6.0877,1,B_0.8,Infineon Technologies,42.0
SYN_B_0.8_06,2018,4.1435,6.5733,5.1353,3.7412,4.17,3.6473,6.0665,1,B_0.8,Infineon Technologies,42.0
SYN_B_0.8_06,2019,4.0165,6.9481,5.5649,4.7397,4.6782,4.0544,6.0714,1,B_0.8,Infineon Technologies,42.0
SYN_B_0.8_06,2020,4.9935,8.0646,5.3495,5.5909,4.9386,4.7491,5.9008,1,B_0.8,Infineon Technologies,42.0
SYN_B_0.8_06,2021,5.5179,8.3618,5.4365,7.0093,5.4665,5.2257,6.5854,1,B_0.8,Infineon Technologies,42.0
SYN_B_0.8_06,2022,5.9438,8.6235,5.8154,7.2511,5.0152,7.1113,6.8062,1,B_0.8,Infineon Technologies,42.0
SYN_B_0.8_06,2023,6.5257,8.989,5.92,7.7847,5.2035,6.5357,7.0647,1,B_0.8,Infineon Technologies,42.0
SYN_B_0.8_06,2024,7.015,9.9213,6.2854,6.9027,5.8633,6.3703,7.5034,1,B_0.8,Infineon Technologies,42.0
SYN_B_0.8_07,2015,3.3059,5.0839,4.3414,4.2717,4.3816,4.6005,6.1141,1,B_0.8,Intel Corporation,42.0
SYN_B_0.8_07,2016,3.5856,5.5524,4.5697,4.4259,4.0683,4.1523,5.9374,1,B_0.8,Intel Corporation,42.0
SYN_B_0.8_07,2017,3.351,6.1182,5.2082,3.9736,4.7735,4.7554,6.1925,1,B_0.8,Intel Corporation,42.0
SYN_B_0.8_07,2018,3.5674,6.8763,5.612,4.2975,5.3344,4.1962,6.493,1,B_0.8,Intel Corporation,42.0
SYN_B_0.8_07,2019,4.2909,6.8417,5.8213,5.0704,5.3337,4.339,6.4458,1,B_0.8,Intel Corporation,42.0
SYN_B_0.8_07,2020,4.851,7.4051,5.8912,5.8278,6.4845,5.3895,5.9273,1,B_0.8,Intel Corporation,42.0
SYN_B_0.8_07,2021,5.4122,7.6174,5.7072,7.6608,6.4095,6.6839,6.588,1,B_0.8,Intel Corporation,42.0
SYN_B_0.8_07,2022,5.886,8.0787,6.199,7.9621,5.8303,6.8258,7.0181,1,B_0.8,Intel Corporation,42.0
SYN_B_0.8_07,2023,6.8324,8.0099,6.3377,7.6024,6.1293,7.3912,6.898,1,B_0.8,Intel Corporation,42.0
SYN_B_0.8_07,2024,7.4621,9.1019,6.7911,7.183,6.3501,6.8993,7.2707,1,B_0.8,Intel Corporation,42.0
SYN_B_0.8_08,2015,3.7568,6.6765,3.7591,4.4399,3.8887,3.8612,5.6828,1,B_0.8,KLA Corporation,42.0
SYN_B_0.8_08,2016,3.5241,7.4485,4.4648,3.0882,4.4104,4.0072,6.5422,1,B_0.8,KLA Corporation,42.0
SYN_B_0.8_08,2017,3.0704,7.5542,4.5371,4.2339,4.6087,4.1424,6.3433,1,B_0.8,KLA Corporation,42.0
SYN_B_0.8_08,2018,3.1053,8.427,5.5612,4.0251,5.087,3.6943,7.0299,1,B_0.8,KLA Corporation,42.0
SYN_B_0.8_08,2019,5.069,8.9403,5.1696,4.0192,5.0857,4.05,6.4673,1,B_0.8,KLA Corporation,42.0
SYN_B_0.8_08,2020,5.2486,9.1825,5.5587,4.9282,5.8908,5.2411,6.1791,1,B_0.8,KLA Corporation,42.0
SYN_B_0.8_08,2021,5.9407,9.5738,5.6319,5.8996,6.1124,6.5005,6.7097,1,B_0.8,KLA Corporation,42.0
SYN_B_0.8_08,2022,6.6574,9.1608,5.5943,7.0412,5.5304,6.7852,7.2611,1,B_0.8,KLA Corporation,42.0
SYN_B_0.8_08,2023,7.0461,10.5687,5.9579,6.931,5.7793,6.8933,7.4775,1,B_0.8,KLA Corporation,42.0
SYN_B_0.8_08,2024,6.7139,10.9436,6.3597,7.281,6.3005,6.3503,7.1654,1,B_0.8,KLA Corporation,42.0
SYN_B_0.8_09,2015,2.9102,4.7811,3.4946,3.6321,3.6145,4.5443,5.8408,1,B_0.8,Lam Research,42.0
SYN_B_0.8_09,2016,3.3457,5.7042,4.1415,3.2297,4.0299,3.271,6.1828,1,B_0.8,Lam Research,42.0
SYN_B_0.8_09,2017,2.7699,5.8656,4.6223,3.3323,4.3908,3.8947,5.9831,1,B_0.8,Lam Research,42.0
SYN_B_0.8_09,2018,3.2495,6.6097,5.1703,3.8992,4.3945,3.5188,6.5848,1,B_0.8,Lam Research,42.0
SYN_B_0.8_09,2019,4.2595,7.2832,5.4457,4.0567,4.5891,3.3933,6.7406,1,B_0.8,Lam Research,42.0
SYN_B_0.8_09,2020,5.9564,8.4151,5.3357,4.485,5.2867,3.9885,5.8856,1,B_0.8,Lam Research,42.0
SYN_B_0.8_09,2021,5.5468,7.6552,5.7708,6.029,5.5017,6.0071,6.5266,1,B_0.8,Lam Research,42.0
SYN_B_0.8_09,2022,6.5113,8.4337,5.909,6.9874,4.8218,5.9799,6.9299,1,B_0.8,Lam Research,42.0
SYN_B_0.8_09,2023,6.6276,8.255,5.3485,6.6812,5.4275,7.1109,6.5948,1,B_0.8,Lam Research,42.0
SYN_B_0.8_09,2024,6.2596,9.2262,6.6811,7.4059,5.7742,6.7229,7.2717,1,B_0.8,Lam Research,42.0
SYN_B_0.8_10,2015,3.4738,7.0392,3.9423,4.5916,4.7368,3.4893,6.4974,1,B_0.8,Marvell Technology,42.0
SYN_B_0.8_10,2016,3.3405,8.3415,4.0961,4.3207,5.3943,3.9235,6.7781,1,B_0.8,Marvell Technology,42.0
SYN_B_0.8_10,2017,3.9561,8.7391,5.0879,3.8033,5.4317,3.3039,6.7236,1,B_0.8,Marvell Technology,42.0
SYN_B_0.8_10,2018,5.3984,8.7981,4.6817,3.9317,5.0823,2.9763,6.2119,1,B_0.8,Marvell Technology,42.0
SYN_B_0.8_10,2019,4.5499,9.4591,5.3033,4.9811,5.851,3.865,6.7417,1,B_0.8,Marvell Technology,42.0
SYN_B_0.8_10,2020,5.883,9.6388,5.1366,5.0107,6.3842,4.8155,6.5069,1,B_0.8,Marvell Technology,42.0
SYN_B_0.8_10,2021,6.1798,9.485,5.619,6.3699,6.7664,6.2397,6.9849,1,B_0.8,Marvell Technology,42.0
SYN_B_0.8_10,2022,7.3084,10.1271,5.1636,6.7355,6.1104,7.0548,6.7825,1,B_0.8,Marvell Technology,42.0
SYN_B_0.8_10,2023,7.2199,10.6418,5.613,6.9162,6.5687,7.5701,7.138,1,B_0.8,Marvell Technology,42.0
SYN_B_0.8_10,2024,7.1026,11.3989,5.8844,7.0625,7.1525,6.9686,7.7783,1,B_0.8,Marvell Technology,42.0
SYN_B_0.8_11,2015,4.4058,3.3536,3.9888,3.7345,4.4437,4.5886,5.8834,1,B_0.8,Microchip Technology,42.0
SYN_B_0.8_11,2016,4.9009,3.3961,4.2407,3.6067,4.4922,4.3067,5.9763,1,B_0.8,Microchip Technology,42.0
SYN_B_0.8_11,2017,4.7999,4.641,4.7824,4.0691,4.5786,4.2974,6.3255,1,B_0.8,Microchip Technology,42.0
SYN_B_0.8_11,2018,5.4302,4.5277,4.6563,4.1132,4.8442,4.5516,5.8149,1,B_0.8,Microchip Technology,42.0
SYN_B_0.8_11,2019,4.1427,4.5407,5.5857,5.5335,5.3743,4.7232,6.0907,1,B_0.8,Microchip Technology,42.0
SYN_B_0.8_11,2020,5.4964,5.0504,5.3035,5.5381,6.2217,5.5913,5.3514,1,B_0.8,Microchip Technology,42.0
SYN_B_0.8_11,2021,6.3186,5.8742,5.6257,6.6304,6.5401,6.3927,6.6489,1,B_0.8,Microchip Technology,42.0
SYN_B_0.8_11,2022,7.5363,5.9499,6.1337,7.4029,5.49,6.2505,6.4667,1,B_0.8,Microchip Technology,42.0
SYN_B_0.8_11,2023,7.7062,6.871,6.2876,7.1427,5.9705,6.9086,6.9638,1,B_0.8,Microchip Technology,42.0
SYN_B_0.8_11,2024,8.1688,7.5255,6.1304,6.1998,6.7895,7.8755,7.1761,1,B_0.8,Microchip Technology,42.0
SYN_B_0.8_12,2015,5.1271,4.7135,4.3063,5.2346,4.3065,3.8532,6.2606,1,B_0.8,Micron Technology,42.0
SYN_B_0.8_12,2016,4.8013,5.1466,5.0467,4.9862,4.883,3.6267,5.9514,1,B_0.8,Micron Technology,42.0
SYN_B_0.8_12,2017,4.5138,5.6651,5.56,5.6664,5.3846,3.752,6.2236,1,B_0.8,Micron Technology,42.0
SYN_B_0.8_12,2018,4.7527,6.2176,5.404,6.1393,5.3037,4.0639,5.9215,1,B_0.8,Micron Technology,42.0
SYN_B_0.8_12,2019,5.1652,6.1406,6.3672,6.9524,5.6811,4.0354,6.4239,1,B_0.8,Micron Technology,42.0
SYN_B_0.8_12,2020,6.5101,6.529,6.1331,7.3906,6.4693,4.8101,5.7842,1,B_0.8,Micron Technology,42.0
SYN_B_0.8_12,2021,6.4086,6.9379,5.9596,8.1189,7.0661,6.7828,6.8261,1,B_0.8,Micron Technology,42.0
SYN_B_0.8_12,2022,7.3781,7.2596,6.6083,8.6636,6.1806,6.4679,7.5718,1,B_0.8,Micron Technology,42.0
SYN_B_0.8_12,2023,7.4186,8.2299,6.8242,9.4068,6.5142,6.9086,7.2559,1,B_0.8,Micron Technology,42.0
SYN_B_0.8_12,2024,8.0583,8.6192,7.2156,8.701,6.8895,6.7992,7.7851,1,B_0.8,Micron Technology,42.0
SYN_B_0.8_13,2015,3.7837,6.673,3.1119,3.275,2.7587,3.2886,6.668,1,B_0.8,Monolithic Power Systems,42.0
SYN_B_0.8_13,2016,2.4143,7.4365,4.1089,3.2247,3.5668,3.4726,5.7967,1,B_0.8,Monolithic Power Systems,42.0
SYN_B_0.8_13,2017,3.328,6.9131,4.2342,3.5827,3.6938,2.4587,6.4744,1,B_0.8,Monolithic Power Systems,42.0
SYN_B_0.8_13,2018,3.5176,7.5032,4.7896,4.7003,3.6322,2.3072,6.5656,1,B_0.8,Monolithic Power Systems,42.0
SYN_B_0.8_13,2019,4.3974,8.5556,4.9784,4.5885,4.1512,2.8362,6.2088,1,B_0.8,Monolithic Power Systems,42.0
SYN_B_0.8_13,2020,4.4888,8.6518,5.1215,5.6179,4.7585,3.768,6.0886,1,B_0.8,Monolithic Power Systems,42.0
SYN_B_0.8_13,2021,6.2179,9.1223,4.9263,6.5863,4.6313,4.8176,7.0205,1,B_0.8,Monolithic Power Systems,42.0
SYN_B_0.8_13,2022,6.0622,9.5611,5.3562,6.0821,4.5788,6.0656,6.6924,1,B_0.8,Monolithic Power Systems,42.0
SYN_B_0.8_13,2023,6.0731,9.8577,5.1815,6.2909,5.0498,6.7172,7.0593,1,B_0.8,Monolithic Power Systems,42.0
SYN_B_0.8_13,2024,7.2145,10.3709,5.9854,5.648,5.0979,6.2524,7.3734,1,B_0.8,Monolithic Power Systems,42.0
SYN_B_0.8_14,2015,5.2524,4.6877,4.7397,4.2852,3.9893,3.5079,6.1895,1,B_0.8,NVIDIA Corporation,42.0
SYN_B_0.8_14,2016,4.8304,5.473,5.3225,4.3713,4.1509,3.8054,5.9433,1,B_0.8,NVIDIA Corporation,42.0
SYN_B_0.8_14,2017,5.4883,5.7646,5.7795,3.8891,4.7001,3.6651,6.6219,1,B_0.8,NVIDIA Corporation,42.0
SYN_B_0.8_14,2018,5.5036,6.1423,5.7275,4.6657,4.3868,4.3274,5.8198,1,B_0.8,NVIDIA Corporation,42.0
SYN_B_0.8_14,2019,6.239,6.7468,6.1521,4.9983,5.0257,4.1954,6.6968,1,B_0.8,NVIDIA Corporation,42.0
SYN_B_0.8_14,2020,7.0578,7.3821,6.0653,5.2139,5.9407,5.1645,6.187,1,B_0.8,NVIDIA Corporation,42.0
SYN_B_0.8_14,2021,6.6581,7.57,6.3739,6.6775,6.1078,6.9316,6.8523,1,B_0.8,NVIDIA Corporation,42.0
SYN_B_0.8_14,2022,8.5848,7.9853,6.7331,7.2246,5.233,6.4997,6.6971,1,B_0.8,NVIDIA Corporation,42.0
SYN_B_0.8_14,2023,8.5337,8.3455,6.5957,7.26,5.6627,6.8724,7.5315,1,B_0.8,NVIDIA Corporation,42.0
SYN_B_0.8_14,2024,8.4511,8.826,7.3033,6.368,6.1665,7.8878,7.083,1,B_0.8,NVIDIA Corporation,42.0
SYN_B_0.8_15,2015,3.7399,3.6941,3.7121,4.1684,3.3234,4.2553,6.1633,1,B_0.8,NXP Semiconductors,42.0
SYN_B_0.8_15,2016,3.9783,4.6108,4.4427,3.6533,4.0179,4.0284,6.0535,1,B_0.8,NXP Semiconductors,42.0
SYN_B_0.8_15,2017,3.8735,4.8756,4.9423,3.5279,4.6566,3.8068,6.3515,1,B_0.8,NXP Semiconductors,42.0
SYN_B_0.8_15,2018,4.3136,5.4083,5.2195,3.3865,4.9801,4.2324,6.4342,1,B_0.8,NXP Semiconductors,42.0
SYN_B_0.8_15,2019,4.9249,6.2851,5.3121,4.0093,4.8958,4.0731,6.3102,1,B_0.8,NXP Semiconductors,42.0
SYN_B_0.8_15,2020,5.3442,6.2024,5.2987,5.9907,5.6,4.3683,6.3251,1,B_0.8,NXP Semiconductors,42.0
SYN_B_0.8_15,2021,6.1018,6.3388,5.7652,6.6079,5.7167,6.2121,6.6374,1,B_0.8,NXP Semiconductors,42.0
SYN_B_0.8_15,2022,7.006,7.2865,5.8299,6.5781,5.334,7.4149,6.5955,1,B_0.8,NXP Semiconductors,42.0
SYN_B_0.8_15,2023,7.4367,7.3556,6.0992,6.7275,5.6675,7.1578,7.3284,1,B_0.8,NXP Semiconductors,42.0
SYN_B_0.8_15,2024,6.6867,8.6233,6.8846,6.7729,6.1602,7.2522,6.8487,1,B_0.8,NXP Semiconductors,42.0
SYN_B_0.8_16,2015,4.5979,4.1518,4.5938,5.4637,4.6688,3.9841,6.5645,1,B_0.8,ON Semiconductor,42.0
SYN_B_0.8_16,2016,4.2469,4.641,4.8102,4.9183,5.1254,4.2525,6.3625,1,B_0.8,ON Semiconductor,42.0
SYN_B_0.8_16,2017,4.8617,5.1243,5.4229,5.3065,5.2671,3.5806,6.4613,1,B_0.8,ON Semiconductor,42.0
SYN_B_0.8_16,2018,6.043,5.6148,5.7714,5.0542,5.0605,3.2623,6.6188,1,B_0.8,ON Semiconductor,42.0
SYN_B_0.8_16,2019,6.4248,6.2799,5.5954,5.4347,5.76,4.0332,7.0461,1,B_0.8,ON Semiconductor,42.0
SYN_B_0.8_16,2020,6.1123,6.5376,5.7774,6.6658,6.8731,5.673,6.0222,1,B_0.8,ON Semiconductor,42.0
SYN_B_0.8_16,2021,7.2464,6.6455,6.3484,7.4499,6.5879,6.7212,6.9589,1,B_0.8,ON Semiconductor,42.0
SYN_B_0.8_16,2022,7.6941,7.1935,6.1991,8.939,5.952,6.5913,7.6192,1,B_0.8,ON Semiconductor,42.0
SYN_B_0.8_16,2023,7.7967,7.8899,6.7807,9.0083,6.2842,6.8846,7.0204,1,B_0.8,ON Semiconductor,42.0
SYN_B_0.8_16,2024,8.6602,8.0958,6.835,8.1685,6.6304,6.9721,7.5176,1,B_0.8,ON Semiconductor,42.0
SYN_B_0.8_17,2015,5.5845,4.7518,4.3449,4.2128,5.3134,4.2437,6.4715,1,B_0.8,Qorvo Inc.,42.0
SYN_B_0.8_17,2016,4.0393,4.6986,4.9967,4.3968,5.5808,5.1821,6.1431,1,B_0.8,Qorvo Inc.,42.0
SYN_B_0.8_17,2017,4.9895,5.9512,4.9041,3.7497,5.9372,4.4385,7.2248,1,B_0.8,Qorvo Inc.,42.0
SYN_B_0.8_17,2018,4.8216,6.5694,6.0921,4.4706,6.1602,4.2127,6.661,1,B_0.8,Qorvo Inc.,42.0
SYN_B_0.8_17,2019,5.8721,6.6661,5.7326,5.4711,6.3437,4.1107,6.7838,1,B_0.8,Qorvo Inc.,42.0
SYN_B_0.8_17,2020,6.9443,6.9955,5.9534,6.0317,7.1157,5.3162,6.3487,1,B_0.8,Qorvo Inc.,42.0
SYN_B_0.8_17,2021,7.1447,7.4394,5.9194,6.9031,7.3569,6.5667,7.5519,1,B_0.8,Qorvo Inc.,42.0
SYN_B_0.8_17,2022,8.0295,7.6192,6.5369,7.5996,6.3808,6.7508,7.5637,1,B_0.8,Qorvo Inc.,42.0
SYN_B_0.8_17,2023,6.7726,8.7345,6.9336,7.9968,7.7352,7.8177,6.9013,1,B_0.8,Qorvo Inc.,42.0
SYN_B_0.8_17,2024,8.4009,8.8976,6.9428,7.2599,7.2591,7.373,7.5136,1,B_0.8,Qorvo Inc.,42.0
SYN_B_0.8_18,2015,3.8317,3.4593,5.0958,4.2929,4.5931,6.0093,6.0141,1,B_0.8,Qualcomm Incorporated,42.0
SYN_B_0.8_18,2016,3.5831,3.954,5.6523,3.9826,5.1496,5.9176,6.7994,1,B_0.8,Qualcomm Incorporated,42.0
SYN_B_0.8_18,2017,4.8086,4.8698,6.135,3.664,5.0814,5.0257,6.582,1,B_0.8,Qualcomm Incorporated,42.0
SYN_B_0.8_18,2018,4.3592,5.5321,6.4511,4.2423,5.5248,5.5677,6.2837,1,B_0.8,Qualcomm Incorporated,42.0
SYN_B_0.8_18,2019,5.6671,6.1035,6.6135,4.9095,5.455,5.007,6.6874,1,B_0.8,Qualcomm Incorporated,42.0
SYN_B_0.8_18,2020,5.1789,6.4224,6.8826,6.5416,6.7073,6.1871,6.2562,1,B_0.8,Qualcomm Incorporated,42.0
SYN_B_0.8_18,2021,6.803,6.8652,6.5426,6.4295,6.6756,7.8041,7.1903,1,B_0.8,Qualcomm Incorporated,42.0
SYN_B_0.8_18,2022,6.9091,7.1132,7.1474,8.2484,5.9999,8.0774,7.0801,1,B_0.8,Qualcomm Incorporated,42.0
SYN_B_0.8_18,2023,7.1247,7.6219,7.4225,7.9502,6.5649,7.6991,7.1846,1,B_0.8,Qualcomm Incorporated,42.0
SYN_B_0.8_18,2024,8.2524,7.8994,7.5876,7.7179,6.3678,8.1715,7.6199,1,B_0.8,Qualcomm Incorporated,42.0
SYN_B_0.8_19,2015,4.6434,6.3511,5.8733,5.5899,4.6113,5.5424,6.6493,1,B_0.8,STMicroelectronics,42.0
SYN_B_0.8_19,2016,4.5798,6.6827,6.4585,5.9702,5.1504,5.2027,6.3075,1,B_0.8,STMicroelectronics,42.0
SYN_B_0.8_19,2017,4.7567,6.8868,6.9205,5.4228,5.3717,5.3337,6.8901,1,B_0.8,STMicroelectronics,42.0
SYN_B_0.8_19,2018,5.2402,8.1171,6.7089,5.3015,5.7697,5.4952,6.7949,1,B_0.8,STMicroelectronics,42.0
SYN_B_0.8_19,2019,5.4903,8.3765,7.447,6.2994,5.806,5.7851,6.4615,1,B_0.8,STMicroelectronics,42.0
SYN_B_0.8_19,2020,5.3471,8.8161,7.5665,7.4444,6.9345,6.3309,6.2434,1,B_0.8,STMicroelectronics,42.0
SYN_B_0.8_19,2021,6.3652,8.8947,7.6409,8.2249,6.8356,7.6435,6.9457,1,B_0.8,STMicroelectronics,42.0
SYN_B_0.8_19,2022,6.9295,9.2954,8.3811,8.8138,6.5616,7.7141,7.6818,1,B_0.8,STMicroelectronics,42.0
SYN_B_0.8_19,2023,7.3688,9.4703,7.7966,8.562,6.8344,8.8,7.5326,1,B_0.8,STMicroelectronics,42.0
SYN_B_0.8_19,2024,6.877,10.2221,8.6174,9.0571,7.0926,8.7201,7.9826,1,B_0.8,STMicroelectronics,42.0
SYN_B_0.8_20,2015,4.8586,5.3407,4.5261,5.291,4.9762,3.9839,6.3381,1,B_0.8,Seagate Technology,42.0
SYN_B_0.8_20,2016,5.3856,5.6318,5.2091,4.9459,5.1493,3.6198,6.0443,1,B_0.8,Seagate Technology,42.0
SYN_B_0.8_20,2017,5.4217,6.1083,5.5171,4.581,5.5026,3.5573,6.3053,1,B_0.8,Seagate Technology,42.0
SYN_B_0.8_20,2018,6.578,6.4367,5.6385,5.291,5.4941,3.4634,6.6888,1,B_0.8,Seagate Technology,42.0
SYN_B_0.8_20,2019,6.5226,6.9884,5.7246,6.1552,5.767,3.6745,6.9774,1,B_0.8,Seagate Technology,42.0
SYN_B_0.8_20,2020,5.8774,7.4004,6.2856,6.3839,7.0802,5.7741,5.9497,1,B_0.8,Seagate Technology,42.0
SYN_B_0.8_20,2021,6.9357,7.5718,6.1015,6.9536,7.0609,6.6802,6.7055,1,B_0.8,Seagate Technology,42.0
SYN_B_0.8_20,2022,8.1186,8.1344,6.6545,7.967,6.3804,6.9383,7.1981,1,B_0.8,Seagate Technology,42.0
SYN_B_0.8_20,2023,7.2608,8.872,7.2978,8.5588,6.8437,7.1425,7.2589,1,B_0.8,Seagate Technology,42.0
SYN_B_0.8_20,2024,8.3188,8.6974,7.0035,8.6473,6.9896,7.1339,6.9126,1,B_0.8,Seagate Technology,42.0
SYN_B_0.8_21,2015,3.3536,3.8037,4.7367,4.4155,3.9639,4.7369,6.2356,1,B_0.8,Skyworks Solutions,42.0
SYN_B_0.8_21,2016,3.5053,4.5909,4.9612,4.211,4.2744,4.1713,6.2118,1,B_0.8,Skyworks Solutions,42.0
SYN_B_0.8_21,2017,3.5315,5.6167,5.4762,4.0288,4.8676,4.0672,6.5141,1,B_0.8,Skyworks Solutions,42.0
SYN_B_0.8_21,2018,3.2436,6.3534,5.7199,4.9284,4.8457,4.0875,6.3245,1,B_0.8,Skyworks Solutions,42.0
SYN_B_0.8_21,2019,4.3338,6.1072,6.2312,5.1361,4.9845,4.1004,6.4959,1,B_0.8,Skyworks Solutions,42.0
SYN_B_0.8_21,2020,5.2313,6.6783,5.7019,5.6279,5.865,5.9447,6.3853,1,B_0.8,Skyworks Solutions,42.0
SYN_B_0.8_21,2021,5.6139,7.2417,5.9391,5.8422,6.1085,7.3961,6.4134,1,B_0.8,Skyworks Solutions,42.0
SYN_B_0.8_21,2022,7.1201,7.4142,6.0275,6.8899,5.3573,7.1211,6.9123,1,B_0.8,Skyworks Solutions,42.0
SYN_B_0.8_21,2023,7.0753,8.1083,6.7193,7.16,5.7541,7.2014,6.844,1,B_0.8,Skyworks Solutions,42.0
SYN_B_0.8_21,2024,6.6487,8.1614,7.086,7.9822,6.299,7.0638,7.5711,1,B_0.8,Skyworks Solutions,42.0
SYN_B_0.8_22,2015,3.0987,5.5316,3.6,2.9147,3.5747,4.8395,5.8537,1,B_0.8,Taiwan Semiconductor Mfg,42.0
SYN_B_0.8_22,2016,2.576,6.0796,4.059,2.9487,3.9204,3.96,6.3485,1,B_0.8,Taiwan Semiconductor Mfg,42.0
SYN_B_0.8_22,2017,3.1179,6.5271,4.854,3.5499,3.7658,3.3263,6.2705,1,B_0.8,Taiwan Semiconductor Mfg,42.0
SYN_B_0.8_22,2018,3.4964,6.8338,4.5947,3.5699,3.9428,3.769,6.4258,1,B_0.8,Taiwan Semiconductor Mfg,42.0
SYN_B_0.8_22,2019,2.6874,7.1182,5.3121,4.5706,4.7196,4.5412,6.8091,1,B_0.8,Taiwan Semiconductor Mfg,42.0
SYN_B_0.8_22,2020,4.3582,7.513,4.9851,5.6137,5.1396,5.0888,6.3007,1,B_0.8,Taiwan Semiconductor Mfg,42.0
SYN_B_0.8_22,2021,3.9993,7.5959,5.3532,6.5774,5.5694,6.425,6.906,1,B_0.8,Taiwan Semiconductor Mfg,42.0
SYN_B_0.8_22,2022,5.6202,8.8485,5.8211,7.3513,5.0295,6.3842,6.9548,1,B_0.8,Taiwan Semiconductor Mfg,42.0
SYN_B_0.8_22,2023,5.556,9.3953,5.8879,6.6284,5.4708,7.2275,6.4783,1,B_0.8,Taiwan Semiconductor Mfg,42.0
SYN_B_0.8_22,2024,5.2215,9.8833,6.2405,6.5693,5.8317,7.8088,7.5933,1,B_0.8,Taiwan Semiconductor Mfg,42.0
SYN_B_0.8_23,2015,4.8794,5.3261,5.6743,4.8604,5.8046,5.0765,5.9966,1,B_0.8,Teradyne Inc.,42.0
SYN_B_0.8_23,2016,4.5401,5.6915,5.8069,4.6806,6.2111,5.3492,6.6929,1,B_0.8,Teradyne Inc.,42.0
SYN_B_0.8_23,2017,5.5864,6.2889,6.4259,4.9932,5.6979,4.3621,7.125,1,B_0.8,Teradyne Inc.,42.0
SYN_B_0.8_23,2018,5.3886,6.7011,6.944,5.8624,6.4034,4.4849,6.7428,1,B_0.8,Teradyne Inc.,42.0
SYN_B_0.8_23,2019,6.1704,6.911,6.819,6.5134,6.5281,5.0711,6.4898,1,B_0.8,Teradyne Inc.,42.0
SYN_B_0.8_23,2020,7.4314,7.4741,6.6403,6.5934,7.4195,5.9524,6.0187,1,B_0.8,Teradyne Inc.,42.0
SYN_B_0.8_23,2021,7.4081,8.2798,6.6955,7.6003,7.6462,7.2452,7.1472,1,B_0.8,Teradyne Inc.,42.0
SYN_B_0.8_23,2022,8.3344,7.9685,7.2836,7.5017,6.8582,8.0752,6.7464,1,B_0.8,Teradyne Inc.,42.0
SYN_B_0.8_23,2023,8.8873,8.8346,7.8465,7.7224,7.1104,8.2725,7.3602,1,B_0.8,Teradyne Inc.,42.0
SYN_B_0.8_23,2024,9.5942,8.9345,7.8281,7.4431,7.8774,7.7558,7.5305,1,B_0.8,Teradyne Inc.,42.0
SYN_B_0.8_24,2015,4.3207,5.7244,5.2281,3.914,4.3805,5.4477,6.6009,1,B_0.8,Texas Instruments,42.0
SYN_B_0.8_24,2016,4.6434,6.0949,5.5605,3.8352,4.3508,5.3373,6.4358,1,B_0.8,Texas Instruments,42.0
SYN_B_0.8_24,2017,4.192,6.4024,6.4561,4.0079,4.9029,5.2292,6.6546,1,B_0.8,Texas Instruments,42.0
SYN_B_0.8_24,2018,4.5886,6.9702,6.3748,4.642,5.2678,4.975,6.8207,1,B_0.8,Texas Instruments,42.0
SYN_B_0.8_24,2019,5.6427,6.9482,6.7677,5.6352,4.9041,4.8822,7.1108,1,B_0.8,Texas Instruments,42.0
SYN_B_0.8_24,2020,6.8917,8.0229,6.8149,5.2178,5.8672,6.6253,6.4818,1,B_0.8,Texas Instruments,42.0
SYN_B_0.8_24,2021,6.524,8.6135,6.6333,5.6589,6.607,8.1627,6.7991,1,B_0.8,Texas Instruments,42.0
SYN_B_0.8_24,2022,7.7318,8.6579,6.8936,6.6294,5.592,8.2101,7.4274,1,B_0.8,Texas Instruments,42.0
SYN_B_0.8_24,2023,7.3983,9.85,7.6593,7.0355,6.1353,8.1866,7.4343,1,B_0.8,Texas Instruments,42.0
SYN_B_0.8_24,2024,7.7803,9.8261,7.6038,7.354,6.3138,8.2563,7.2574,1,B_0.8,Texas Instruments,42.0
SYN_B_0.8_25,2015,3.7816,5.2399,4.6807,2.7016,3.9939,5.93,5.8649,1,B_0.8,Western Digital,42.0
SYN_B_0.8_25,2016,3.999,5.434,5.4295,3.1064,4.0446,4.733,6.6772,1,B_0.8,Western Digital,42.0
SYN_B_0.8_25,2017,4.4722,6.2461,5.6732,2.4059,4.6428,5.0496,6.874,1,B_0.8,Western Digital,42.0
SYN_B_0.8_25,2018,6.0773,7.0215,5.6985,2.6895,4.4344,4.6384,6.1859,1,B_0.8,Western Digital,42.0
SYN_B_0.8_25,2019,6.3341,7.0351,6.2811,3.4644,4.596,4.6123,6.6014,1,B_0.8,Western Digital,42.0
SYN_B_0.8_25,2020,6.37,7.7447,6.4947,4.8232,5.6255,5.8193,5.9197,1,B_0.8,Western Digital,42.0
SYN_B_0.8_25,2021,6.7819,7.8709,6.3567,5.2118,5.9684,7.5155,6.8365,1,B_0.8,Western Digital,42.0
SYN_B_0.8_25,2022,8.2025,8.6454,6.8586,5.3366,5.3819,7.2659,6.6701,1,B_0.8,Western Digital,42.0
SYN_B_0.8_25,2023,8.6645,8.8279,6.7759,5.5735,5.5082,7.871,6.9995,1,B_0.8,Western Digital,42.0
SYN_B_0.8_25,2024,7.0387,8.7106,7.4125,6.0312,6.4976,8.6978,7.4881,1,B_0.8,Western Digital,42.0
SYN_B_0.6_01,2015,3.6298,4.7163,3.2778,3.8143,6.3539,4.8723,6.6478,1,B_0.6,ASML Holding N.V.,42.0
SYN_B_0.6_01,2016,3.5769,5.8001,3.9018,3.4234,5.9927,4.1501,6.6545,1,B_0.6,ASML Holding N.V.,42.0
SYN_B_0.6_01,2017,4.9685,6.0953,3.9993,2.5128,6.8582,4.3603,6.547,1,B_0.6,ASML Holding N.V.,42.0
SYN_B_0.6_01,2018,5.5215,6.7269,4.8132,2.7423,6.3548,3.3568,6.5126,1,B_0.6,ASML Holding N.V.,42.0
SYN_B_0.6_01,2019,5.7922,6.7698,4.6731,2.8948,6.6862,3.9777,6.9011,1,B_0.6,ASML Holding N.V.,42.0
SYN_B_0.6_01,2020,4.8303,6.8526,5.0412,5.4131,8.1499,4.5895,6.7606,1,B_0.6,ASML Holding N.V.,42.0
SYN_B_0.6_01,2021,6.4826,7.4766,4.4041,5.1662,7.6904,6.4331,6.845,1,B_0.6,ASML Holding N.V.,42.0
SYN_B_0.6_01,2022,6.6146,7.6944,4.7802,5.8943,7.3012,7.5554,7.123,1,B_0.6,ASML Holding N.V.,42.0
SYN_B_0.6_01,2023,6.9608,9.068,5.3314,5.8786,7.8528,7.1748,7.1474,1,B_0.6,ASML Holding N.V.,42.0
SYN_B_0.6_01,2024,8.4192,9.2792,5.2947,5.3626,7.6956,6.4359,7.1853,1,B_0.6,ASML Holding N.V.,42.0
SYN_B_0.6_02,2015,2.2506,5.4544,3.8327,5.1672,3.8333,4.8128,6.5088,1,B_0.6,Advanced Micro Devices,42.0
SYN_B_0.6_02,2016,3.1149,5.809,4.1085,4.0126,4.2146,4.2344,6.2194,1,B_0.6,Advanced Micro Devices,42.0
SYN_B_0.6_02,2017,3.5669,6.5686,4.6948,4.1993,4.6141,4.0511,6.0379,1,B_0.6,Advanced Micro Devices,42.0
SYN_B_0.6_02,2018,4.483,7.1111,5.088,5.4523,4.1487,2.3462,6.5381,1,B_0.6,Advanced Micro Devices,42.0
SYN_B_0.6_02,2019,5.2558,7.4609,5.2336,5.4086,4.3112,3.2157,6.2837,1,B_0.6,Advanced Micro Devices,42.0
SYN_B_0.6_02,2020,5.0311,8.2022,5.4018,6.2604,5.6541,4.4956,5.9934,1,B_0.6,Advanced Micro Devices,42.0
SYN_B_0.6_02,2021,5.519,8.3351,5.0921,7.0435,5.4728,5.9742,6.995,1,B_0.6,Advanced Micro Devices,42.0
SYN_B_0.6_02,2022,5.8248,8.6322,5.8214,7.2426,4.8645,6.7102,6.9311,1,B_0.6,Advanced Micro Devices,42.0
SYN_B_0.6_02,2023,6.7747,8.7287,5.2604,6.8858,5.2694,7.1096,6.3449,1,B_0.6,Advanced Micro Devices,42.0
SYN_B_0.6_02,2024,6.4175,9.7567,6.4827,7.3214,6.1891,6.6071,7.2357,1,B_0.6,Advanced Micro Devices,42.0
SYN_B_0.6_03,2015,5.3049,4.9796,3.3851,4.5817,3.4926,2.7024,6.3575,1,B_0.6,Analog Devices,42.0
SYN_B_0.6_03,2016,3.1539,4.8895,3.8381,4.9204,4.2672,3.8568,6.5754,1,B_0.6,Analog Devices,42.0
SYN_B_0.6_03,2017,3.4952,5.5244,4.4489,4.005,4.9086,4.0826,6.685,1,B_0.6,Analog Devices,42.0
SYN_B_0.6_03,2018,4.2577,6.4211,4.6653,4.1777,5.2739,3.0612,6.5334,1,B_0.6,Analog Devices,42.0
SYN_B_0.6_03,2019,5.5164,6.6547,4.7022,5.1165,4.617,3.2341,6.3134,1,B_0.6,Analog Devices,42.0
SYN_B_0.6_03,2020,4.39,7.042,5.1516,6.4997,6.1739,4.4375,6.0843,1,B_0.6,Analog Devices,42.0
SYN_B_0.6_03,2021,5.9191,7.8523,5.2093,7.1465,5.9419,4.9286,6.9015,1,B_0.6,Analog Devices,42.0
SYN_B_0.6_03,2022,6.3267,7.4882,4.9844,7.2828,5.1218,6.759,6.5024,1,B_0.6,Analog Devices,42.0
SYN_B_0.6_03,2023,5.6643,8.0634,5.5545,7.689,5.8162,6.3899,7.1634,1,B_0.6,Analog Devices,42.0
SYN_B_0.6_03,2024,7.7441,8.5549,5.5337,6.6639,6.1982,6.0795,7.6519,1,B_0.6,Analog Devices,42.0
SYN_B_0.6_04,2015,3.8439,4.7575,4.0244,4.3737,3.7556,4.3113,5.9609,1,B_0.6,Applied Materials,42.0
SYN_B_0.6_04,2016,3.1532,4.6656,4.7012,4.7477,3.9356,4.2178,6.1958,1,B_0.6,Applied Materials,42.0
SYN_B_0.6_04,2017,3.8096,5.1423,4.5994,4.3391,4.2836,4.1674,6.6758,1,B_0.6,Applied Materials,42.0
SYN_B_0.6_04,2018,3.699,5.5077,5.8946,4.8199,4.5615,3.0466,6.7635,1,B_0.6,Applied Materials,42.0
SYN_B_0.6_04,2019,4.3381,6.4466,5.4636,4.1381,4.5191,4.6564,6.3771,1,B_0.6,Applied Materials,42.0
SYN_B_0.6_04,2020,5.1221,6.5097,5.0283,4.5792,5.7763,5.9931,6.0668,1,B_0.6,Applied Materials,42.0
SYN_B_0.6_04,2021,4.6719,6.7871,5.5759,5.9094,5.9386,7.6089,6.869,1,B_0.6,Applied Materials,42.0
SYN_B_0.6_04,2022,6.0532,7.2696,5.5785,6.5083,5.1039,7.7769,6.5629,1,B_0.6,Applied Materials,42.0
SYN_B_0.6_04,2023,7.2183,7.6968,5.6545,7.1679,4.8259,7.9087,7.1842,1,B_0.6,Applied Materials,42.0
SYN_B_0.6_04,2024,6.8983,8.7699,6.3692,6.6649,5.8524,7.798,6.938,1,B_0.6,Applied Materials,42.0
SYN_B_0.6_05,2015,5.2249,4.0946,5.2361,6.2758,5.0441,5.2108,6.7129,1,B_0.6,Broadcom Inc.,42.0
SYN_B_0.6_05,2016,6.6751,5.1127,5.5012,4.1394,5.5605,4.9494,6.3071,1,B_0.6,Broadcom Inc.,42.0
SYN_B_0.6_05,2017,4.9598,5.5059,6.4299,5.1629,6.1538,5.3927,6.5117,1,B_0.6,Broadcom Inc.,42.0
SYN_B_0.6_05,2018,6.1349,5.8542,6.6061,5.4649,5.9633,4.7704,6.8115,1,B_0.6,Broadcom Inc.,42.0
SYN_B_0.6_05,2019,6.9163,6.028,7.0973,5.6128,6.0722,4.7976,6.6466,1,B_0.6,Broadcom Inc.,42.0
SYN_B_0.6_05,2020,7.4182,6.5851,7.1782,6.5612,6.5806,5.4845,6.0133,1,B_0.6,Broadcom Inc.,42.0
SYN_B_0.6_05,2021,6.6109,6.7114,6.9991,7.7966,7.3999,7.5605,7.6094,1,B_0.6,Broadcom Inc.,42.0
SYN_B_0.6_05,2022,8.6148,7.0382,6.9975,7.777,6.4284,7.5408,7.2222,1,B_0.6,Broadcom Inc.,42.0
SYN_B_0.6_05,2023,8.101,8.0687,7.7803,7.907,6.8905,7.8039,7.0264,1,B_0.6,Broadcom Inc.,42.0
SYN_B_0.6_05,2024,7.4212,8.0162,7.9661,8.3157,7.356,7.71,7.6859,1,B_0.6,Broadcom Inc.,42.0
SYN_B_0.6_06,2015,3.6597,5.5966,4.3914,4.1463,3.3481,4.0801,5.4093,1,B_0.6,Infineon Technologies,42.0
SYN_B_0.6_06,2016,3.5282,6.2235,4.4118,4.007,3.4838,4.0208,5.9932,1,B_0.6,Infineon Technologies,42.0
SYN_B_0.6_06,2017,4.6531,6.6629,4.6798,3.171,3.942,4.4831,6.1052,1,B_0.6,Infineon Technologies,42.0
SYN_B_0.6_06,2018,4.3793,6.8003,5.3834,3.7895,4.1902,3.7123,6.0797,1,B_0.6,Infineon Technologies,42.0
SYN_B_0.6_06,2019,3.9671,7.1434,5.8105,4.9286,4.7171,4.0565,6.0514,1,B_0.6,Infineon Technologies,42.0
SYN_B_0.6_06,2020,4.9968,8.263,5.3886,5.7599,4.9016,4.6957,5.7797,1,B_0.6,Infineon Technologies,42.0
SYN_B_0.6_06,2021,5.3599,8.4188,5.3181,7.3517,5.4164,5.0025,6.5281,1,B_0.6,Infineon Technologies,42.0
SYN_B_0.6_06,2022,5.6693,8.5867,5.6613,7.3762,4.7707,7.2332,6.7175,1,B_0.6,Infineon Technologies,42.0
SYN_B_0.6_06,2023,6.3586,8.9346,5.74,8.0007,4.9394,6.358,7.0015,1,B_0.6,Infineon Technologies,42.0
SYN_B_0.6_06,2024,6.9468,9.935,6.1601,6.7394,5.7057,6.0922,7.4899,1,B_0.6,Infineon Technologies,42.0
SYN_B_0.6_07,2015,3.2565,5.1506,4.3775,4.5522,4.5093,5.0276,6.176,1,B_0.6,Intel Corporation,42.0
SYN_B_0.6_07,2016,3.643,5.6741,4.6758,4.7499,4.1049,4.4113,5.9553,1,B_0.6,Intel Corporation,42.0
SYN_B_0.6_07,2017,3.1793,6.2687,5.4121,4.0205,4.9205,5.1277,6.2283,1,B_0.6,Intel Corporation,42.0
SYN_B_0.6_07,2018,3.3495,7.0594,5.8641,4.358,5.544,4.2833,6.557,1,B_0.6,Intel Corporation,42.0
SYN_B_0.6_07,2019,4.1525,6.955,6.0297,5.2169,5.4417,4.2865,6.4741,1,B_0.6,Intel Corporation,42.0
SYN_B_0.6_07,2020,4.5489,7.5032,5.9246,5.8996,6.6848,5.4084,5.8173,1,B_0.6,Intel Corporation,42.0
SYN_B_0.6_07,2021,4.9128,7.5208,5.4905,7.9743,6.4605,6.724,6.516,1,B_0.6,Intel Corporation,42.0
SYN_B_0.6_07,2022,5.4484,7.9506,6.0634,8.2479,5.6996,6.7594,6.9771,1,B_0.6,Intel Corporation,42.0
SYN_B_0.6_07,2023,6.5932,7.8431,6.149,7.6083,5.9773,7.3884,6.8157,1,B_0.6,Intel Corporation,42.0
SYN_B_0.6_07,2024,7.3757,9.0098,6.6884,6.9612,6.1961,6.6577,7.2175,1,B_0.6,Intel Corporation,42.0
SYN_B_0.6_08,2015,3.9426,6.9219,3.699,4.8044,3.9231,4.07,5.6379,1,B_0.6,KLA Corporation,42.0
SYN_B_0.6_08,2016,3.6099,7.7522,4.587,2.9797,4.5768,4.2809,6.6272,1,B_0.6,KLA Corporation,42.0
SYN_B_0.6_08,2017,2.8739,7.8388,4.6277,4.4322,4.7814,4.3641,6.3823,1,B_0.6,KLA Corporation,42.0
SYN_B_0.6_08,2018,2.7987,8.7497,5.8675,4.0546,5.3089,3.6671,7.1565,1,B_0.6,KLA Corporation,42.0
SYN_B_0.6_08,2019,5.285,9.2656,5.2597,3.8099,5.1702,3.9417,6.4502,1,B_0.6,KLA Corporation,42.0
SYN_B_0.6_08,2020,5.1785,9.4498,5.5697,4.7148,6.0082,5.2486,6.0663,1,B_0.6,KLA Corporation,42.0
SYN_B_0.6_08,2021,5.7541,9.7077,5.4732,5.6601,6.1455,6.5734,6.6176,1,B_0.6,KLA Corporation,42.0
SYN_B_0.6_08,2022,6.5615,9.1247,5.3347,7.0179,5.3631,6.7324,7.2326,1,B_0.6,KLA Corporation,42.0
SYN_B_0.6_08,2023,6.9408,10.6186,5.7298,6.7115,5.6028,6.739,7.4315,1,B_0.6,KLA Corporation,42.0
SYN_B_0.6_08,2024,6.4528,11.0633,6.2264,7.1788,6.2104,6.0175,7.0691,1,B_0.6,KLA Corporation,42.0
SYN_B_0.6_09,2015,2.9979,4.8997,3.4538,3.9306,3.7081,5.1853,5.8904,1,B_0.6,Lam Research,42.0
SYN_B_0.6_09,2016,3.587,5.9203,4.2733,3.3973,4.1802,3.4916,6.2808,1,B_0.6,Lam Research,42.0
SYN_B_0.6_09,2017,2.7072,6.1017,4.8386,3.4618,4.5936,4.2706,6.0355,1,B_0.6,Lam Research,42.0
SYN_B_0.6_09,2018,3.1969,6.827,5.4554,4.0683,4.5205,3.5909,6.6976,1,B_0.6,Lam Research,42.0
SYN_B_0.6_09,2019,4.4002,7.5016,5.7121,4.1001,4.6568,3.2513,6.8392,1,B_0.6,Lam Research,42.0
SYN_B_0.6_09,2020,6.3724,8.6879,5.3908,4.3189,5.3119,3.7512,5.7689,1,B_0.6,Lam Research,42.0
SYN_B_0.6_09,2021,5.4179,7.6721,5.7361,6.0429,5.4629,6.0792,6.4732,1,B_0.6,Lam Research,42.0
SYN_B_0.6_09,2022,6.5498,8.4058,5.8268,7.1206,4.542,5.8001,6.8832,1,B_0.6,Lam Research,42.0
SYN_B_0.6_09,2023,6.6174,8.2039,5.0604,6.6197,5.2619,7.2695,6.4866,1,B_0.6,Lam Research,42.0
SYN_B_0.6_09,2024,5.9077,9.1907,6.6576,7.4296,5.6007,6.5642,7.2349,1,B_0.6,Lam Research,42.0
SYN_B_0.6_10,2015,3.4641,7.26,3.885,4.9633,4.9475,3.5235,6.5864,1,B_0.6,Marvell Technology,42.0
SYN_B_0.6_10,2016,3.1438,8.647,4.0209,4.4709,5.7194,4.0095,6.872,1,B_0.6,Marvell Technology,42.0
SYN_B_0.6_10,2017,3.9476,9.1055,5.2543,3.7342,5.6973,3.1467,6.7957,1,B_0.6,Marvell Technology,42.0
SYN_B_0.6_10,2018,5.8806,9.1661,4.712,3.8337,5.2016,2.6414,6.1826,1,B_0.6,Marvell Technology,42.0
SYN_B_0.6_10,2019,4.4262,9.7813,5.3617,5.0045,6.0665,3.5915,6.7558,1,B_0.6,Marvell Technology,42.0
SYN_B_0.6_10,2020,5.9754,9.9037,4.9964,4.7655,6.5807,4.626,6.4379,1,B_0.6,Marvell Technology,42.0
SYN_B_0.6_10,2021,5.9625,9.5626,5.3894,6.2095,6.8937,6.1406,6.9384,1,B_0.6,Marvell Technology,42.0
SYN_B_0.6_10,2022,7.353,10.1895,4.7403,6.4977,6.0196,7.0346,6.6432,1,B_0.6,Marvell Technology,42.0
SYN_B_0.6_10,2023,7.0524,10.6897,5.2213,6.5818,6.5207,7.5758,7.0256,1,B_0.6,Marvell Technology,42.0
SYN_B_0.6_10,2024,6.8197,11.4745,5.5349,6.7371,7.2167,6.7249,7.7598,1,B_0.6,Marvell Technology,42.0
SYN_B_0.6_11,2015,4.8046,3.2765,3.9181,3.8689,4.5595,5.0561,5.9525,1,B_0.6,Microchip Technology,42.0
SYN_B_0.6_11,2016,5.4448,3.3121,4.2135,3.6601,4.5813,4.6416,6.0557,1,B_0.6,Microchip Technology,42.0
SYN_B_0.6_11,2017,5.1556,4.6144,4.8403,4.1384,4.6344,4.4821,6.4139,1,B_0.6,Microchip Technology,42.0
SYN_B_0.6_11,2018,5.9303,4.4961,4.627,4.1085,4.8957,4.7574,5.81,1,B_0.6,Microchip Technology,42.0
SYN_B_0.6_11,2019,3.986,4.456,5.7216,5.9025,5.4956,4.8463,6.121,1,B_0.6,Microchip Technology,42.0
SYN_B_0.6_11,2020,5.5586,4.98,5.2095,5.6279,6.3798,5.792,5.2123,1,B_0.6,Microchip Technology,42.0
SYN_B_0.6_11,2021,6.2592,5.6495,5.4055,6.6953,6.623,6.4438,6.645,1,B_0.6,Microchip Technology,42.0
SYN_B_0.6_11,2022,7.7978,5.6741,5.986,7.5707,5.2327,6.0575,6.3905,1,B_0.6,Microchip Technology,42.0
SYN_B_0.6_11,2023,7.8598,6.61,6.099,7.0551,5.7737,6.7962,6.9274,1,B_0.6,Microchip Technology,42.0
SYN_B_0.6_11,2024,8.3476,7.2885,5.8195,5.6409,6.7319,7.9992,7.1443,1,B_0.6,Microchip Technology,42.0
SYN_B_0.6_12,2015,5.5556,4.6495,4.219,5.6593,4.2771,3.8135,6.3282,1,B_0.6,Micron Technology,42.0
SYN_B_0.6_12,2016,5.0721,5.1727,5.1395,5.3112,4.947,3.5205,5.965,1,B_0.6,Micron Technology,42.0
SYN_B_0.6_12,2017,4.4993,5.6818,5.705,6.0813,5.4969,3.5422,6.2552,1,B_0.6,Micron Technology,42.0
SYN_B_0.6_12,2018,4.7297,6.2633,5.4663,6.6104,5.3557,3.8614,5.8717,1,B_0.6,Micron Technology,42.0
SYN_B_0.6_12,2019,5.0335,6.0797,6.5472,7.4829,5.6893,3.5838,6.4302,1,B_0.6,Micron Technology,42.0
SYN_B_0.6_12,2020,6.5599,6.4471,6.0791,7.7651,6.4872,4.3644,5.6362,1,B_0.6,Micron Technology,42.0
SYN_B_0.6_12,2021,6.0448,6.6949,5.6702,8.3938,7.1376,6.6619,6.7872,1,B_0.6,Micron Technology,42.0
SYN_B_0.6_12,2022,7.24,6.9356,6.4299,8.9728,5.9777,6.0388,7.6133,1,B_0.6,Micron Technology,42.0
SYN_B_0.6_12,2023,7.0899,7.9577,6.6107,9.777,6.3,6.4523,7.1963,1,B_0.6,Micron Technology,42.0
SYN_B_0.6_12,2024,7.8854,8.3469,7.0591,8.7512,6.7142,6.2431,7.7976,1,B_0.6,Micron Technology,42.0
SYN_B_0.6_13,2015,4.2916,6.9229,3.0446,3.4934,2.7049,3.5206,6.8116,1,B_0.6,Monolithic Power Systems,42.0
SYN_B_0.6_13,2016,2.3865,7.8634,4.3049,3.4314,3.6763,3.8154,5.7908,1,B_0.6,Monolithic Power Systems,42.0
SYN_B_0.6_13,2017,3.5822,7.2249,4.4217,3.8804,3.7803,2.3922,6.5938,1,B_0.6,Monolithic Power Systems,42.0
SYN_B_0.6_13,2018,3.6515,7.8015,5.0387,5.2084,3.6134,1.9948,6.6597,1,B_0.6,Monolithic Power Systems,42.0
SYN_B_0.6_13,2019,4.6314,8.9207,5.1648,4.8279,4.1309,2.5188,6.1892,1,B_0.6,Monolithic Power Systems,42.0
SYN_B_0.6_13,2020,4.4659,8.942,5.1962,5.9538,4.7612,3.5217,6.012,1,B_0.6,Monolithic Power Systems,42.0
SYN_B_0.6_13,2021,6.4161,9.2241,4.7327,6.8285,4.4402,4.4851,7.0146,1,B_0.6,Monolithic Power Systems,42.0
SYN_B_0.6_13,2022,6.1086,9.7093,5.2333,6.0358,4.3441,6.0749,6.5977,1,B_0.6,Monolithic Power Systems,42.0
SYN_B_0.6_13,2023,5.9743,9.9628,4.9363,6.1827,4.8869,6.8251,7.002,1,B_0.6,Monolithic Power Systems,42.0
SYN_B_0.6_13,2024,7.4378,10.4968,5.898,5.2101,4.8573,6.1025,7.3414,1,B_0.6,Monolithic Power Systems,42.0
SYN_B_0.6_14,2015,5.8535,4.6827,4.8298,4.4872,3.9179,3.4603,6.2582,1,B_0.6,NVIDIA Corporation,42.0
SYN_B_0.6_14,2016,5.1949,5.5534,5.5387,4.5272,4.0829,3.7994,5.9428,1,B_0.6,NVIDIA Corporation,42.0
SYN_B_0.6_14,2017,5.9677,5.8127,6.0437,3.7677,4.6916,3.5101,6.7179,1,B_0.6,NVIDIA Corporation,42.0
SYN_B_0.6_14,2018,5.8843,6.2275,5.935,4.6913,4.2565,4.2865,5.7487,1,B_0.6,NVIDIA Corporation,42.0
SYN_B_0.6_14,2019,6.6403,6.7669,6.3422,4.9185,4.9323,3.8865,6.7329,1,B_0.6,NVIDIA Corporation,42.0
SYN_B_0.6_14,2020,7.4655,7.4138,6.0756,4.9254,5.9131,4.9569,6.0893,1,B_0.6,NVIDIA Corporation,42.0
SYN_B_0.6_14,2021,6.5387,7.4383,6.2811,6.5426,6.0177,6.9561,6.8013,1,B_0.6,NVIDIA Corporation,42.0
SYN_B_0.6_14,2022,9.0126,7.8232,6.6519,7.0733,4.8088,6.1524,6.5678,1,B_0.6,NVIDIA Corporation,42.0
SYN_B_0.6_14,2023,8.829,8.1287,6.4214,7.0247,5.3265,6.5542,7.522,1,B_0.6,NVIDIA Corporation,42.0
SYN_B_0.6_14,2024,8.6064,8.6896,7.2595,5.7131,5.8876,7.8564,6.9731,1,B_0.6,NVIDIA Corporation,42.0
SYN_B_0.6_15,2015,4.0586,3.6483,3.674,4.5856,3.2901,4.6964,6.2774,1,B_0.6,NXP Semiconductors,42.0
SYN_B_0.6_15,2016,4.2832,4.6702,4.5491,3.8064,4.0712,4.3412,6.1259,1,B_0.6,NXP Semiconductors,42.0
SYN_B_0.6_15,2017,4.0624,4.9462,5.1403,3.5912,4.818,4.0072,6.4703,1,B_0.6,NXP Semiconductors,42.0
SYN_B_0.6_15,2018,4.5134,5.4883,5.4137,3.251,5.145,4.4484,6.5338,1,B_0.6,NXP Semiconductors,42.0
SYN_B_0.6_15,2019,5.2102,6.4032,5.4694,3.9413,4.9653,4.0879,6.3463,1,B_0.6,NXP Semiconductors,42.0
SYN_B_0.6_15,2020,5.428,6.1848,5.2676,6.3036,5.6749,4.1697,6.3286,1,B_0.6,NXP Semiconductors,42.0
SYN_B_0.6_15,2021,6.059,6.1761,5.6464,6.729,5.659,6.2461,6.6198,1,B_0.6,NXP Semiconductors,42.0
SYN_B_0.6_15,2022,7.0804,7.1312,5.6256,6.4311,5.1001,7.6201,6.4982,1,B_0.6,NXP Semiconductors,42.0
SYN_B_0.6_15,2023,7.5515,7.1291,5.901,6.5356,5.4589,7.1666,7.3418,1,B_0.6,NXP Semiconductors,42.0
SYN_B_0.6_15,2024,6.4453,8.5622,6.8733,6.5337,6.0265,7.2616,6.7512,1,B_0.6,NXP Semiconductors,42.0
SYN_B_0.6_16,2015,4.7956,4.0161,4.5591,5.9654,4.721,3.9771,6.6995,1,B_0.6,ON Semiconductor,42.0
SYN_B_0.6_16,2016,4.3094,4.5896,4.8333,5.2318,5.2827,4.3684,6.4583,1,B_0.6,ON Semiconductor,42.0
SYN_B_0.6_16,2017,5.0309,5.087,5.5495,5.6471,5.3696,3.3542,6.5509,1,B_0.6,ON Semiconductor,42.0
SYN_B_0.6_16,2018,6.5564,5.5859,5.9415,5.1957,5.0398,2.8175,6.7038,1,B_0.6,ON Semiconductor,42.0
SYN_B_0.6_16,2019,6.8226,6.206,5.5886,5.4703,5.8139,3.6332,7.157,1,B_0.6,ON Semiconductor,42.0
SYN_B_0.6_16,2020,6.0244,6.4522,5.6302,6.7996,7.0255,5.5561,5.9166,1,B_0.6,ON Semiconductor,42.0
SYN_B_0.6_16,2021,7.2062,6.3715,6.1603,7.4812,6.5256,6.5618,6.9389,1,B_0.6,ON Semiconductor,42.0
SYN_B_0.6_16,2022,7.6542,6.8323,5.9023,9.3132,5.6952,6.166,7.6618,1,B_0.6,ON Semiconductor,42.0
SYN_B_0.6_16,2023,7.6625,7.6154,6.5765,9.2787,6.0211,6.4627,6.9317,1,B_0.6,ON Semiconductor,42.0
SYN_B_0.6_16,2024,8.774,7.7995,6.5985,8.0738,6.4065,6.5233,7.4986,1,B_0.6,ON Semiconductor,42.0
SYN_B_0.6_17,2015,6.0939,4.6838,4.2069,4.2156,5.4698,4.3131,6.5745,1,B_0.6,Qorvo Inc.,42.0
SYN_B_0.6_17,2016,3.9515,4.6644,5.0275,4.461,5.8187,5.5804,6.1927,1,B_0.6,Qorvo Inc.,42.0
SYN_B_0.6_17,2017,5.1905,5.9556,4.8827,3.5248,6.2334,4.5219,7.423,1,B_0.6,Qorvo Inc.,42.0
SYN_B_0.6_17,2018,4.8017,6.649,6.3156,4.3597,6.4002,4.0908,6.7354,1,B_0.6,Qorvo Inc.,42.0
SYN_B_0.6_17,2019,6.0375,6.6589,5.7526,5.5134,6.5242,3.7535,6.85,1,B_0.6,Qorvo Inc.,42.0
SYN_B_0.6_17,2020,7.1179,6.9326,5.8247,5.8959,7.2821,5.0409,6.2835,1,B_0.6,Qorvo Inc.,42.0
SYN_B_0.6_17,2021,7.0619,7.2162,5.6177,6.7561,7.4979,6.3874,7.6258,1,B_0.6,Qorvo Inc.,42.0
SYN_B_0.6_17,2022,8.1253,7.3409,6.3297,7.5139,6.2088,6.4244,7.5924,1,B_0.6,Qorvo Inc.,42.0
SYN_B_0.6_17,2023,6.1958,8.5841,6.7397,7.8882,7.8104,7.7545,6.786,1,B_0.6,Qorvo Inc.,42.0
SYN_B_0.6_17,2024,8.403,8.704,6.7304,6.8378,7.1845,7.0898,7.4808,1,B_0.6,Qorvo Inc.,42.0
SYN_B_0.6_18,2015,3.7514,3.3177,5.1883,4.3748,4.6499,6.717,6.0601,1,B_0.6,Qualcomm Incorporated,42.0
SYN_B_0.6_18,2016,3.3314,3.8128,5.8545,3.9054,5.3165,6.5437,6.9644,1,B_0.6,Qualcomm Incorporated,42.0
SYN_B_0.6_18,2017,4.9547,4.8264,6.4398,3.4037,5.1488,5.2885,6.6814,1,B_0.6,Qualcomm Incorporated,42.0
SYN_B_0.6_18,2018,4.1827,5.5347,6.7704,4.0447,5.6365,5.8967,6.3019,1,B_0.6,Qualcomm Incorporated,42.0
SYN_B_0.6_18,2019,5.7833,6.0608,6.8795,4.7516,5.4398,4.9377,6.7315,1,B_0.6,Qualcomm Incorporated,42.0
SYN_B_0.6_18,2020,4.7214,6.3285,7.0223,6.6193,6.8264,6.2201,6.1849,1,B_0.6,Qualcomm Incorporated,42.0
SYN_B_0.6_18,2021,6.6003,6.6145,6.4076,6.0957,6.6665,8.0258,7.1975,1,B_0.6,Qualcomm Incorporated,42.0
SYN_B_0.6_18,2022,6.5188,6.7937,7.0723,8.3177,5.7341,8.1261,7.0182,1,B_0.6,Qualcomm Incorporated,42.0
SYN_B_0.6_18,2023,6.7637,7.3533,7.3941,7.8828,6.3915,7.6038,7.133,1,B_0.6,Qualcomm Incorporated,42.0
SYN_B_0.6_18,2024,8.147,7.5696,7.516,7.3883,6.0712,8.0569,7.6002,1,B_0.6,Qualcomm Incorporated,42.0
SYN_B_0.6_19,2015,4.4921,6.3259,6.0204,5.7491,4.5116,5.7107,6.6806,1,B_0.6,STMicroelectronics,42.0
SYN_B_0.6_19,2016,4.3055,6.7061,6.7121,6.1905,5.1037,5.1983,6.2734,1,B_0.6,STMicroelectronics,42.0
SYN_B_0.6_19,2017,4.4861,6.8916,7.2624,5.3984,5.3532,5.3221,6.9412,1,B_0.6,STMicroelectronics,42.0
SYN_B_0.6_19,2018,5.0322,8.2136,6.9442,5.1113,5.7922,5.4473,6.7883,1,B_0.6,STMicroelectronics,42.0
SYN_B_0.6_19,2019,5.1482,8.452,7.7674,6.2421,5.7155,5.6214,6.3605,1,B_0.6,STMicroelectronics,42.0
SYN_B_0.6_19,2020,4.6555,8.8687,7.7688,7.5395,6.9809,6.1349,6.0735,1,B_0.6,STMicroelectronics,42.0
SYN_B_0.6_19,2021,5.6956,8.7699,7.6781,8.2324,6.7284,7.5253,6.8274,1,B_0.6,STMicroelectronics,42.0
SYN_B_0.6_19,2022,6.262,9.0915,8.5147,8.8219,6.3014,7.388,7.6404,1,B_0.6,STMicroelectronics,42.0
SYN_B_0.6_19,2023,6.7523,9.247,7.7132,8.3579,6.6055,8.7516,7.4421,1,B_0.6,STMicroelectronics,42.0
SYN_B_0.6_19,2024,5.9459,10.0202,8.6977,8.9184,6.8786,8.528,7.9377,1,B_0.6,STMicroelectronics,42.0
SYN_B_0.6_20,2015,5.0857,5.3214,4.4499,5.6577,5.065,3.9316,6.4016,1,B_0.6,Seagate Technology,42.0
SYN_B_0.6_20,2016,5.7567,5.6693,5.2854,5.1438,5.2106,3.411,6.0484,1,B_0.6,Seagate Technology,42.0
SYN_B_0.6_20,2017,5.7614,6.1803,5.654,4.6172,5.6255,3.3039,6.3414,1,B_0.6,Seagate Technology,42.0
SYN_B_0.6_20,2018,7.123,6.4301,5.6925,5.3532,5.5013,2.9457,6.7474,1,B_0.6,Seagate Technology,42.0
SYN_B_0.6_20,2019,6.8712,6.9553,5.7204,6.3604,5.7793,3.0663,7.0508,1,B_0.6,Seagate Technology,42.0
SYN_B_0.6_20,2020,5.6561,7.4107,6.2599,6.3744,7.2589,5.6647,5.808,1,B_0.6,Seagate Technology,42.0
SYN_B_0.6_20,2021,6.8211,7.4324,5.8776,6.8525,7.1331,6.5808,6.6359,1,B_0.6,Seagate Technology,42.0
SYN_B_0.6_20,2022,8.1638,7.9016,6.4435,7.9206,6.1645,6.5984,7.1403,1,B_0.6,Seagate Technology,42.0
SYN_B_0.6_20,2023,6.863,8.689,7.208,8.6233,6.6987,6.7825,7.1864,1,B_0.6,Seagate Technology,42.0
SYN_B_0.6_20,2024,8.2241,8.4834,6.7793,8.6483,6.8063,6.6923,6.7741,1,B_0.6,Seagate Technology,42.0
SYN_B_0.6_21,2015,3.3371,3.7392,4.8718,4.7647,3.9906,5.2005,6.3425,1,B_0.6,Skyworks Solutions,42.0
SYN_B_0.6_21,2016,3.5346,4.6185,5.1569,4.4846,4.3515,4.4514,6.3031,1,B_0.6,Skyworks Solutions,42.0
SYN_B_0.6_21,2017,3.4491,5.7134,5.7544,4.1362,5.028,4.2278,6.6252,1,B_0.6,Skyworks Solutions,42.0
SYN_B_0.6_21,2018,2.9465,6.4949,6.0233,5.2463,4.9596,4.1493,6.3723,1,B_0.6,Skyworks Solutions,42.0
SYN_B_0.6_21,2019,4.25,6.1594,6.5613,5.3456,5.0117,3.9841,6.5511,1,B_0.6,Skyworks Solutions,42.0
SYN_B_0.6_21,2020,5.0794,6.6552,5.6813,5.6162,5.9432,6.1158,6.3535,1,B_0.6,Skyworks Solutions,42.0
SYN_B_0.6_21,2021,5.3226,7.1817,5.8405,5.6202,6.1377,7.8024,6.3262,1,B_0.6,Skyworks Solutions,42.0
SYN_B_0.6_21,2022,7.1867,7.2349,5.8519,6.8109,5.106,7.1723,6.8602,1,B_0.6,Skyworks Solutions,42.0
SYN_B_0.6_21,2023,6.9731,7.9752,6.657,7.041,5.5172,7.1599,6.7496,1,B_0.6,Skyworks Solutions,42.0
SYN_B_0.6_21,2024,6.2438,7.9504,7.0495,8.0504,6.1479,6.857,7.59,1,B_0.6,Skyworks Solutions,42.0
SYN_B_0.6_22,2015,3.2514,5.7291,3.5907,2.9379,3.6595,5.576,5.8819,1,B_0.6,Taiwan Semiconductor Mfg,42.0
SYN_B_0.6_22,2016,2.5676,6.3316,4.197,3.0437,4.1033,4.4451,6.4647,1,B_0.6,Taiwan Semiconductor Mfg,42.0
SYN_B_0.6_22,2017,3.1916,6.7974,5.1485,3.7405,3.8218,3.4694,6.3468,1,B_0.6,Taiwan Semiconductor Mfg,42.0
SYN_B_0.6_22,2018,3.6092,7.0845,4.7684,3.6629,4.0067,3.9699,6.5052,1,B_0.6,Taiwan Semiconductor Mfg,42.0
SYN_B_0.6_22,2019,2.2329,7.308,5.546,4.796,4.8787,4.791,6.921,1,B_0.6,Taiwan Semiconductor Mfg,42.0
SYN_B_0.6_22,2020,4.1687,7.6412,4.9446,5.8492,5.2055,5.2007,6.2691,1,B_0.6,Taiwan Semiconductor Mfg,42.0
SYN_B_0.6_22,2021,3.369,7.5938,5.2562,6.8716,5.6474,6.7108,6.931,1,B_0.6,Taiwan Semiconductor Mfg,42.0
SYN_B_0.6_22,2022,5.3094,8.8539,5.7173,7.603,4.8258,6.338,6.9036,1,B_0.6,Taiwan Semiconductor Mfg,42.0
SYN_B_0.6_22,2023,5.1675,9.4886,5.7751,6.5679,5.3457,7.4555,6.3284,1,B_0.6,Taiwan Semiconductor Mfg,42.0
SYN_B_0.6_22,2024,4.5641,9.9165,6.1524,6.3638,5.7751,8.1023,7.6003,1,B_0.6,Taiwan Semiconductor Mfg,42.0
SYN_B_0.6_23,2015,4.8812,5.3039,5.774,4.8728,5.9596,5.2361,5.9784,1,B_0.6,Teradyne Inc.,42.0
SYN_B_0.6_23,2016,4.3515,5.6513,5.9117,4.5838,6.4644,5.5559,6.7791,1,B_0.6,Teradyne Inc.,42.0
SYN_B_0.6_23,2017,5.7082,6.2485,6.662,4.9153,5.7624,4.1135,7.252,1,B_0.6,Teradyne Inc.,42.0
SYN_B_0.6_23,2018,5.237,6.6825,7.2198,5.9237,6.5295,4.1332,6.7825,1,B_0.6,Teradyne Inc.,42.0
SYN_B_0.6_23,2019,6.0946,6.8468,6.9506,6.5849,6.5794,4.7159,6.4489,1,B_0.6,Teradyne Inc.,42.0
SYN_B_0.6_23,2020,7.5151,7.4055,6.5579,6.393,7.516,5.6541,5.8494,1,B_0.6,Teradyne Inc.,42.0
SYN_B_0.6_23,2021,7.1402,8.0883,6.4646,7.4225,7.7142,7.0461,7.0942,1,B_0.6,Teradyne Inc.,42.0
SYN_B_0.6_23,2022,8.2923,7.7249,7.1437,7.1341,6.6613,8.003,6.5939,1,B_0.6,Teradyne Inc.,42.0
SYN_B_0.6_23,2023,8.8219,8.5719,7.7455,7.2129,6.875,8.0498,7.2584,1,B_0.6,Teradyne Inc.,42.0
SYN_B_0.6_23,2024,9.7184,8.6674,7.6741,6.7891,7.7606,7.3288,7.4604,1,B_0.6,Teradyne Inc.,42.0
SYN_B_0.6_24,2015,4.377,5.7495,5.3605,3.7892,4.3796,5.8945,6.6803,1,B_0.6,Texas Instruments,42.0
SYN_B_0.6_24,2016,4.7744,6.1603,5.7608,3.6325,4.3033,5.7036,6.4715,1,B_0.6,Texas Instruments,42.0
SYN_B_0.6_24,2017,4.0473,6.4833,6.8421,3.793,4.9312,5.4896,6.717,1,B_0.6,Texas Instruments,42.0
SYN_B_0.6_24,2018,4.4512,7.0476,6.6721,4.5237,5.3166,5.0267,6.8856,1,B_0.6,Texas Instruments,42.0
SYN_B_0.6_24,2019,5.6809,6.9166,7.0585,5.6461,4.7528,4.6587,7.1862,1,B_0.6,Texas Instruments,42.0
SYN_B_0.6_24,2020,7.0114,8.034,6.9179,4.6966,5.754,6.6917,6.3742,1,B_0.6,Texas Instruments,42.0
SYN_B_0.6_24,2021,6.244,8.5784,6.5587,5.0487,6.6046,8.5374,6.6975,1,B_0.6,Texas Instruments,42.0
SYN_B_0.6_24,2022,7.7159,8.4862,6.7984,6.1454,5.2697,8.3407,7.3814,1,B_0.6,Texas Instruments,42.0
SYN_B_0.6_24,2023,7.0912,9.768,7.6972,6.5497,5.8643,8.1822,7.3488,1,B_0.6,Texas Instruments,42.0
SYN_B_0.6_24,2024,7.5277,9.7229,7.579,6.8977,6.0332,8.2015,7.133,1,B_0.6,Texas Instruments,42.0
SYN_B_0.6_25,2015,3.9045,5.3489,4.7996,2.384,4.0257,6.794,5.8603,1,B_0.6,Western Digital,42.0
SYN_B_0.6_25,2016,4.1572,5.5084,5.7268,2.9115,4.0514,5.1348,6.8061,1,B_0.6,Western Digital,42.0
SYN_B_0.6_25,2017,4.6838,6.3724,5.9724,1.85,4.7297,5.4763,7.0053,1,B_0.6,Western Digital,42.0
SYN_B_0.6_25,2018,6.7463,7.2126,5.9361,2.0671,4.351,4.779,6.1588,1,B_0.6,Western Digital,42.0
SYN_B_0.6_25,2019,6.9093,7.1445,6.5767,2.9472,4.4626,4.5622,6.6202,1,B_0.6,Western Digital,42.0
SYN_B_0.6_25,2020,6.5603,7.8506,6.6488,4.4178,5.5566,5.8636,5.7647,1,B_0.6,Western Digital,42.0
SYN_B_0.6_25,2021,6.799,7.8107,6.3038,4.625,5.8911,7.8248,6.7788,1,B_0.6,Western Digital,42.0
SYN_B_0.6_25,2022,8.6058,8.6168,6.8731,4.619,5.0611,7.3142,6.5324,1,B_0.6,Western Digital,42.0
SYN_B_0.6_25,2023,9.0768,8.7348,6.684,4.7765,5.1595,7.9669,6.8863,1,B_0.6,Western Digital,42.0
SYN_B_0.6_25,2024,6.7155,8.5678,7.4246,5.3236,6.372,9.0101,7.4591,1,B_0.6,Western Digital,42.0
