CASEID,Company,Ticker,Year,fz_AICAP,fz_AIGOV,fz_SUSSRC,fz_DIGVIS,fz_SUPCOLL,fz_SUPDIV,fz_SCR
AEM_Holdings_2023,AEM Holdings,AEM.SI,2023,0.592343,0.037253,0.148464,0.273568,0.032779,0.143265,0.167644
AEM_Holdings_2024,AEM Holdings,AEM.SI,2024,0.819,0.24184,0.162801,0.463443,0.047874,0.063233,0.242004
AEM_Holdings_2025,AEM Holdings,AEM.SI,2025,0.833995,0.434459,0.223108,0.737205,0.08571,0.298314,0.363352
ASE_Technology_Holding_2023,ASE Technology Holding,ASX/3711.TW,2023,0.276431,0.08188,0.472735,0.346426,0.897745,0.574127,0.780007
ASE_Technology_Holding_2024,ASE Technology Holding,ASX/3711.TW,2024,0.507473,0.445286,0.677545,0.556027,0.95,0.448346,0.748017
ASE_Technology_Holding_2025,ASE Technology Holding,ASX/3711.TW,2025,0.447274,0.576531,0.648965,0.565266,0.95,0.62862,0.852485
Advanced_Micro_Devices_2023,Advanced Micro Devices,AMD,2023,0.882649,0.915308,0.551029,0.487795,0.610365,0.448346,0.783794
Advanced_Micro_Devices_2024,Advanced Micro Devices,AMD,2024,0.95,0.913002,0.671926,0.565266,0.790607,0.48057,0.857983
Advanced_Micro_Devices_2025,Advanced Micro Devices,AMD,2025,0.95,0.953767,0.778093,0.754964,0.790607,0.645066,0.902079
Analog_Devices_2023,Analog Devices,ADI,2023,0.056801,0.108182,0.496101,0.335454,0.192668,0.501,0.680264
Analog_Devices_2024,Analog Devices,ADI,2024,0.13392,0.249989,0.512799,0.537439,0.358608,0.510667,0.73091
Analog_Devices_2025,Analog Devices,ADI,2025,0.20951,0.562122,0.61322,0.781648,0.474067,0.67067,0.852485
Applied_Materials_2023,Applied Materials,AMAT,2023,0.304169,0.14163,0.551029,0.610664,0.866135,0.454765,0.739555
Applied_Materials_2024,Applied Materials,AMAT,2024,0.495189,0.350861,0.525581,0.528102,0.94556,0.448346,0.791225
Applied_Materials_2025,Applied Materials,AMAT,2025,0.544719,0.594359,0.750441,0.811967,0.939741,0.62862,0.885228
Broadcom_Inc._2023,Broadcom Inc.,AVGO,2023,0.748586,0.013298,0.506401,0.43326,0.349113,0.039617,0.182088
Broadcom_Inc._2024,Broadcom Inc.,AVGO,2024,0.783366,0.293398,0.637212,0.606196,0.373058,0.067998,0.249429
Broadcom_Inc._2025,Broadcom Inc.,AVGO,2025,0.899991,0.529352,0.755205,0.69135,0.517946,0.140113,0.505551
DB_HiTek_2023,DB HiTek,000990.KS,2023,0.075731,0.066807,0.119599,0.048401,0.059429,0.054623,0.058184
DB_HiTek_2024,DB HiTek,000990.KS,2024,0.145479,0.331114,0.150446,0.09568,0.072154,0.170642,0.047222
DB_HiTek_2025,DB HiTek,000990.KS,2025,0.308258,0.501,0.128057,0.254594,0.08571,0.18193,0.112734
Frencken_Group_2023,Frencken Group,E28.SI,2023,0.066824,0.07551,0.052891,0.045137,0.059429,0.735781,0.511101
Frencken_Group_2024,Frencken Group,E28.SI,2024,0.105631,0.350861,0.040469,0.091538,0.072154,0.833043,0.808973
Frencken_Group_2025,Frencken Group,E28.SI,2025,0.225891,0.511018,0.110092,0.10447,0.131291,0.844578,0.713087
GlobalFoundries_2023,GlobalFoundries,GFS,2023,0.212715,0.218495,0.215104,0.36319,0.234407,0.937181,0.933544
GlobalFoundries_2024,GlobalFoundries,GFS,2024,0.428329,0.511018,0.212483,0.615114,0.344409,0.929209,0.970294
GlobalFoundries_2025,GlobalFoundries,GFS,2025,0.57418,0.587255,0.345378,0.67099,0.412655,0.95,0.970294
Hana_Micron_2023,Hana Micron,067310.KQ,2023,0.024705,0.059042,0.407504,0.080063,0.027902,0.379312,0.023531
Hana_Micron_2024,Hana Micron,067310.KQ,2024,0.150329,0.381446,0.631273,0.08188,0.059429,0.577602,0.071501
Hana_Micron_2025,Hana Micron,067310.KQ,2025,0.107463,0.503673,0.551029,0.340919,0.066787,0.531961,0.059292
Himax_Technologies_2023,Himax Technologies,HIMX,2023,0.64858,0.211084,0.030407,0.09568,0.26552,0.803483,0.116804
Himax_Technologies_2024,Himax Technologies,HIMX,2024,0.812258,0.218495,0.049119,0.124206,0.344409,0.818732,0.253198
Himax_Technologies_2025,Himax Technologies,HIMX,2025,0.873037,0.625802,0.076189,0.330034,0.504488,0.867337,0.264728
Intel_Corporation_2023,Intel Corporation,INTC,2023,0.697833,0.93548,0.947511,0.784832,0.597482,0.95,0.772292
Intel_Corporation_2024,Intel Corporation,INTC,2024,0.812258,0.94534,0.94877,0.848824,0.775358,0.95,0.780007
Intel_Corporation_2025,Intel Corporation,INTC,2025,0.877925,0.975586,0.95,0.940302,0.706769,0.95,0.855256
KLA_Corporation_2023,KLA Corporation,KLAC,2023,0.414255,0.092353,0.569949,0.227805,0.95,0.18582,0.73091
KLA_Corporation_2024,KLA Corporation,KLAC,2024,0.456807,0.211084,0.619275,0.542097,0.95,0.556653,0.791225
KLA_Corporation_2025,KLA Corporation,KLAC,2025,0.548424,0.618895,0.654775,0.733555,0.95,0.349312,0.805518
LX_Semicon_2023,LX Semicon,108320.KS,2023,0.061068,0.164374,0.156524,0.051888,0.068093,0.071358,0.022628
LX_Semicon_2024,LX Semicon,108320.KS,2024,0.136168,0.819559,0.715396,0.106777,0.042505,0.092717,0.05
LX_Semicon_2025,LX Semicon,108320.KS,2025,0.272598,0.848008,0.704856,0.147057,0.186291,0.153076,0.051938
Lam_Research_2023,Lam Research,LRCX,2023,0.308258,0.042281,0.519193,0.439264,0.907219,0.503556,0.619758
Lam_Research_2024,Lam Research,LRCX,2024,0.511208,0.183293,0.557355,0.623955,0.943681,0.55314,0.655647
Lam_Research_2025,Lam Research,LRCX,2025,0.559502,0.478041,0.654775,0.729874,0.95,0.654775,0.783794
Marvell_Technology_2023,Marvell Technology,MRVL,2023,0.923864,0.030125,0.204759,0.303622,0.25355,0.07487,0.756296
Marvell_Technology_2024,Marvell Technology,MRVL,2024,0.93186,0.501,0.204759,0.556027,0.316848,0.048304,0.748017
Marvell_Technology_2025,Marvell Technology,MRVL,2025,0.95,0.489015,0.275494,0.718639,0.517946,0.292917,0.865908
MediaTek_Inc._2023,MediaTek Inc.,2454.TW,2023,0.92065,0.679033,0.501,0.43326,0.141058,0.331852,0.257004
MediaTek_Inc._2024,MediaTek Inc.,2454.TW,2024,0.95,0.794414,0.426458,0.457378,0.307928,0.563662,0.292903
MediaTek_Inc._2025,MediaTek Inc.,2454.TW,2025,0.95,0.883665,0.715396,0.794181,0.553654,0.539037,0.571671
Microchip_Technology_2023,Microchip Technology,MCHP,2023,0.037939,0.112495,0.501,0.203067,0.32136,0.577602,0.136723
Microchip_Technology_2024,Microchip Technology,MCHP,2024,0.138447,0.321454,0.441782,0.509376,0.373058,0.48057,0.242004
Microchip_Technology_2025,Microchip Technology,MCHP,2025,0.168358,0.597896,0.619275,0.501,0.635659,0.713073,0.292903
Micron_Technology_2023,Micron Technology,MU,2023,0.563183,0.756087,0.392533,0.828548,0.843917,0.857205,0.501
Micron_Technology_2024,Micron Technology,MU,2024,0.807656,0.840277,0.594851,0.890951,0.714155,0.842702,0.815742
Micron_Technology_2025,Micron Technology,MU,2025,0.866261,0.888121,0.501,0.950883,0.866135,0.858937,0.794869
NVIDIA_Corporation_2023,NVIDIA Corporation,NVDA,2023,0.926959,0.901909,0.453349,0.768575,0.710476,0.818732,0.560763
NVIDIA_Corporation_2024,NVIDIA Corporation,NVDA,2024,0.94321,0.936362,0.563662,0.919685,0.787619,0.775132,0.834932
NVIDIA_Corporation_2025,NVIDIA Corporation,NVDA,2025,0.95,0.951105,0.519193,0.91248,0.799384,0.867337,0.802016
Nanya_Technology_2023,Nanya Technology,2408.TW,2023,0.037939,0.096103,0.026531,0.049538,0.0606,0.023376,0.034723
Nanya_Technology_2024,Nanya Technology,2408.TW,2024,0.138447,0.467088,0.052115,0.109128,0.069423,0.067998,0.05
Nanya_Technology_2025,Nanya Technology,2408.TW,2025,0.152804,0.551244,0.049852,0.293398,0.128941,0.05878,0.058184
Novatek_Microelectronics_2023,Novatek Microelectronics,3034.TW,2023,0.049094,0.321454,0.173711,0.09568,0.358608,0.04951,0.340516
Novatek_Microelectronics_2024,Novatek Microelectronics,3034.TW,2024,0.129518,0.522025,0.220417,0.121574,0.277845,0.071358,0.32276
Novatek_Microelectronics_2025,Novatek Microelectronics,3034.TW,2025,0.20951,0.652895,0.263219,0.439264,0.463726,0.106654,0.474983
Phison_Electronics_2023,Phison Electronics,8299.TWO,2023,0.694672,0.543965,0.95,0.351974,0.180077,0.052007,0.164868
Phison_Electronics_2024,Phison Electronics,8299.TWO,2024,0.762388,0.226092,0.915379,0.501,0.368215,0.045976,0.377363
Phison_Electronics_2025,Phison Electronics,8299.TWO,2025,0.877925,0.707147,0.95,0.803226,0.32136,0.057363,0.231153
Qualcomm_Incorporated_2023,Qualcomm Incorporated,QCOM,2023,0.627878,0.920832,0.488305,0.263972,0.706769,0.410265,0.735255
Qualcomm_Incorporated_2024,Qualcomm Incorporated,QCOM,2024,0.829815,0.938938,0.512799,0.569869,0.790607,0.570646,0.794869
Qualcomm_Incorporated_2025,Qualcomm Incorporated,QCOM,2025,0.84011,0.974877,0.799409,0.481697,0.890962,0.625293,0.948285
Realtek_Semiconductor_2023,Realtek Semiconductor,2379.TW,2023,0.363988,0.066807,0.212483,0.43326,0.269589,0.076685,0.288771
Realtek_Semiconductor_2024,Realtek Semiconductor,2379.TW,2024,0.581472,0.413001,0.254246,0.542097,0.349113,0.09492,0.22411
Realtek_Semiconductor_2025,Realtek Semiconductor,2379.TW,2025,0.588729,0.587255,0.260205,0.666837,0.501,0.131004,0.331578
SK_Hynix_2023,SK Hynix,000660.KS,2023,0.937338,0.652895,0.53833,0.800245,0.699272,0.454765,0.593268
SK_Hynix_2024,SK Hynix,000660.KS,2024,0.949285,0.803846,0.631273,0.867086,0.735629,0.608486,0.739555
SK_Hynix_2025,SK Hynix,000660.KS,2025,0.95,0.859025,0.764548,0.946314,0.816104,0.524872,0.768363
Samsung_Electronics_2023,Samsung Electronics,005930.KS,2023,0.913846,0.930902,0.348913,0.938161,0.627303,0.94932,0.911458
Samsung_Electronics_2024,Samsung Electronics,005930.KS,2024,0.934653,0.951784,0.64311,0.977869,0.623096,0.940449,0.960743
Samsung_Electronics_2025,Samsung Electronics,005930.KS,2025,0.95,0.968875,0.381435,0.980893,0.781551,0.95,0.95042
Skyworks_Solutions_2023,Skyworks Solutions,SWKS,2023,0.081299,0.092353,0.496101,0.02753,0.307928,0.076685,0.331578
Skyworks_Solutions_2024,Skyworks Solutions,SWKS,2024,0.09688,0.501,0.48441,0.109128,0.312371,0.114292,0.372669
Skyworks_Solutions_2025,Skyworks Solutions,SWKS,2025,0.20951,0.608446,0.755205,0.166396,0.549213,0.178105,0.460025
Taiwan_Semiconductor_Manufacturing_Co._2023,Taiwan Semiconductor Manufacturing Co.,TSM/2330.TW,2023,0.713354,0.803846,0.671926,0.961792,0.923832,0.848276,0.689845
Taiwan_Semiconductor_Manufacturing_Co._2024,Taiwan Semiconductor Manufacturing Co.,TSM/2330.TW,2024,0.836054,0.771976,0.594851,0.9794350000000001,0.948267,0.794344,0.815742
Taiwan_Semiconductor_Manufacturing_Co._2025,Taiwan Semiconductor Manufacturing Co.,TSM/2330.TW,2025,0.849895,0.913002,0.740728,0.980893,0.95,0.95,0.768363
Texas_Instruments_2023,Texas Instruments,TXN,2023,0.053786,0.092353,0.95,0.831195,0.652123,0.916038,0.868466
Texas_Instruments_2024,Texas Instruments,TXN,2024,0.129518,0.445286,0.944905,0.906301,0.643934,0.95,0.970294
Texas_Instruments_2025,Texas Instruments,TXN,2025,0.165681,0.597896,0.95,0.930092,0.714155,0.938014,0.96318
UMS_Holdings_2023,UMS Holdings,558.SI,2023,0.049094,0.023306,0.182848,0.028191,0.036235,0.125214,0.051938
UMS_Holdings_2024,UMS Holdings,558.SI,2024,0.098577,0.371132,0.199727,0.129615,0.046936,0.066374,0.038241
UMS_Holdings_2025,UMS Holdings,558.SI,2025,0.140759,0.478041,0.189942,0.268743,0.064245,0.247027,0.072842
United_Microelectronics_Corp._2023,United Microelectronics Corp.,UMC/2303.TW,2023,0.320703,0.147057,0.457217,0.184025,0.699272,0.796658,0.179124
United_Microelectronics_Corp._2024,United Microelectronics Corp.,UMC/2303.TW,2024,0.423624,0.371132,0.512799,0.579038,0.765838,0.838894,0.305501
United_Microelectronics_Corp._2025,United Microelectronics Corp.,UMC/2303.TW,2025,0.694672,0.576531,0.625293,0.637061,0.843917,0.850098,0.358731
Venture_Corporation_2023,Venture Corporation,V03.SI,2023,0.055779,0.104014,0.164938,0.386065,0.273698,0.170642,0.249429
Venture_Corporation_2024,Venture Corporation,V03.SI,2024,0.13392,0.293398,0.204759,0.481697,0.26552,0.507112,0.264728
Venture_Corporation_2025,Venture Corporation,V03.SI,2025,0.212715,0.615424,0.307684,0.791099,0.553654,0.367186,0.465004
Wolfspeed_2023,Wolfspeed,WOLF,2023,0.046468,0.047953,0.03087,0.03327,0.373058,0.04951,0.318397
Wolfspeed_2024,Wolfspeed,WOLF,2024,0.1003,0.311945,0.050596,0.09568,0.2575,0.060231,0.301268
Wolfspeed_2025,Wolfspeed,WOLF,2025,0.185149,0.503673,0.056936,0.159733,0.138561,0.197872,0.066361
onsemi_2023,onsemi,ON,2023,0.342017,0.24184,0.95,0.150146,0.614626,0.189773,0.194326
onsemi_2024,onsemi,ON,2024,0.501,0.456166,0.95,0.475604,0.717806,0.587977,0.238349
onsemi_2025,onsemi,ON,2025,0.606696,0.672595,0.95,0.546749,0.752714,0.422863,0.363352
